Produit;Prix B;Prix
Oreo Biscuits Mini Chocolat;85;85
Mis Huile Tournesol Mis 5 litres;8750;8750
Indomie Nouilles Instantanées Saveur Poulet;250;250
Oreo Biscuits Mini Fraise;90;90
Css Sucre en Morceaux - 1KG;750;750
Pates alimentaires Spaghetti 500g N1;475;475
Anita Coriandre 50g - Anita;550;550
Anita Ail 50g - Anita;550;550
J'Adore Huile de Tournesol - 1L;1750;1750
Mis Vinaigre Mis 1L;350;350
Anita Cumin 50g - Anita;550;550
Anita Curry 50g - Anita;490;490
Anita Paprika 50g - Anita;550;550
Anita Thym 30g - Anita;490;490
Anita Muscade Moulu 40g - Anita;550;550
Everyday Eponge A Recuré 10 Pieces;550;550
ALINE Sel Fin Iode - 500g - Aline;150;150
ALINE Sel Gros Iode - 500g - Aline;150;150
Sofia Seau de Margarine - 500G;1200;1200
Renova Papier Toilette - 4 Rouleaux Super;850;850
Anita 7epices 50g - Anita;600;600
Gloria Lait en Poudre Entier 400g;1775;1775
Souki Sucre en Poudre - 1KG;850;850
Oreo Biscuits Original;360;360
Anita Curcuma 50g - Anita;550;550
Halib Lait en Poudre - 10 x 20G;1000;1000
Generic Balai Brosse Lave Pont Jaune + Manche;1500;1500
Anita Cannelle 45g - Anita;525;525
Zena Miel 30g;370;370
Candia Lait Entier GrandLait - 50CL;BoutiqueOfficielle;#VALUE!
Zena Sirop Ditakh 75cl;1950;1950
Anita Herbe De Provence 30g - Anita;525;525
Anita Epice Viande 50g - Anita;525;525
La Vache Qui Rit Fromage 24 Portions;2425;2425
Ferrero Pot Nutella - 350G;2875;2875
Mentos Jb Berry Lime 35pcs - Mentos;1975;1975
Concentré De Tomates - 800G;1500;1500
Mentos Pf Freshmint 18pcs - Mentos;990;990
Bisko Gaufrette Fourrée Fraise 8.5g;25;25
Café Royal 1 Paquet de 10 Capsules Agent's Choice compatible avec Nespresso- Arôme fruité;BoutiqueOfficielle;#VALUE!
Café Royal 16 Capsules - Caramel - Compatible Avec Dolce Gusto;3000;3000
Café Royal 1 Paquet De 16 Capsules Decaffeinato compatible avec Dolce Gusto;BoutiqueOfficielle;#VALUE!
Nutraline OTIVA Nutrition Healthy, bleu, vert, boîte 350G;2200;2200
Nutraline OTISPORT Nutrition Sportive, bleu, jaune, boîte 350G;2200;2200
WHITE LION POWER Power Boisson Energisante 250ml;5400;5400
Generic Charbon de bois ecologique - 4 kg;1200;1200
Nutraline QUICKER OATS - Flocons d'avoine, sachet 600G, beige, marron clair;1250;1250
Lay'S Chips Poulet Roti 27,5g;425;425
Avril Petits Pois Très Fins - 400G;750;750
Mina Ananas Tranchés Brisées - 565ML;800;800
Concentré De Tomates - 400G;875;875
Nesquick Chocolat En Poudre - 250g;1800;1800
Ducros Vinaigre 25cl Cidre;1150;1150
Cheveux D'Ange - 500G;500;500
Anita Gingembre 50g - Anita;490;490
Anita Poivre Noir 50g - Anita;590;590
Delia Pâte à Tartiner - 500G;1050;1050
Armonia Nettoyant Bois  - 750ML;600;600
Al Jazira Dattes Branchés 1KG;3425;3425
Chio Chips Red Paprika - 75G;825;825
Novelas Désodorisant Brise marine  - 400ML;700;700
Skittles Sachet Fruits 45g - Skittles;425;425
Anita Poivre Blanc 50g - Anita;690;690
Everyday Mouchoir 1 pack;75;75
Chio Chips Red Paprika 30g - Chio;310;310
Generic Rouleau De Papier Aluminium - 8m X 0,30m;1250;1250
Twining Thé Citron Vert Gingembre - 20 Sticks;3350;3350
Blédina Céréales Lacté Fruits 200g;990;990
Anita Piment Moulu 50G - Anita;550;550
Lay'S Chips Barbecue 27,5g;450;450
Sucre Morceaux Bs;1075;1075
Panzani Semoule Fine 500g;825;825
Novelas Désodorisant Fresh  - 400ML;700;700
Anita Tandori 50G - Anita;525;525
Lay'S Chips Sel 25g;425;425
Seven Up Bouteille - 33 CL;BoutiqueOfficielle;#VALUE!
Anita Epices Grillades 50G - Anita;525;525
Zena Confiture Goyave 450g;1400;1400
Everyday Petit Pois 400G;700;700
Zena Confiture Papaye 430g;1250;1250
Nescafe Sachet 100g;1425;1425
Anita Epice Poulet 50g - Anita;525;525
Bisko Max Gaufrette Fourrée Vanille 43g;85;85
Avril Macédoine De Légumes - 400G;775;775
Bisko Gaufrette Fourrée Vanille 8.5g;25;25
Yotox Spirale Suractivé Boite de 10;625;625
Everyday Vinaigre Naturel 7% 1.5L;825;825
Café Royal 1 Paquet De Café Royal Caramel - Arôme Caramel - 10 Capsules;BoutiqueOfficielle;#VALUE!
Café Royal 1 Paquet de 10 Capsules Agent's Choice compatible avec Nespresso- Arôme fruité;BoutiqueOfficielle;#VALUE!
Café Royal 1 Paquet De 16 Capsules Brasil comptablible avec Dolce Gusto- Arôme Noix & Chocolat;BoutiqueOfficielle;#VALUE!
Nutraline QUICKER OATS - Flocons d'avoine, sachet 600G, beige, marron clair;1250;1250
Nutraline OTISPORT Nutrition Sportive, bleu, jaune, boîte 350G;2200;2200
Generic Charbon de bois ecologique - 4 kg;1200;1200
WHITE LION POWER Power Boisson Energisante 250ml;5400;5400
Nutraline OTIVA Nutrition Healthy, bleu, vert, boîte 350G;2200;2200
Fanico Savon - 250G;420;420
Liza Haricots Blancs À La Sauce Tomate 425G 1/2;725;725
Zena Confiture Mangue 430g;1250;1250
Nesquick Céréale - 330G;2300;2300
Choc Poudre À Récurer Javellisant - 500G;990;990
Generic Colorant Bleu Pour Ménage 8g;15;15
SAF INSTANT Levure Boulangere 3 X 11g;210;210
Madar Désodorisant Tropical - 300ML;625;625
Zena Miel Brut 500g;2525;2525
Avril Lentilles - 400G;790;790
La Vache Qui Rit Fromage 8 Portions 120g;875;875
Lotus 100 Mouchoirs Blancs - Lotus;775;775
Fruitales Purée De Piment Au Gingembre 100g;825;825
Ducros Vinaigrette Moutarde 500ml;1400;1400
Liza Boulettes À La Sauce Tomate 425G;925;925
Avril Mais Doux 300g;725;725
Madar Désodorisant Fruits Rouges - 300ML;625;625
Maman Purée de Pomme de Terre Chapelet  - 10X30G;950;950
Zena Miel 270g;1575;1575
Mentos Pf Wintergreen 18 Pcs - Mentos;950;950
Ducros Vinaigre 1l Blanc;790;790
Bonduelle Bonduelle 1/2 Lentilles;1050;1050
Mayonnaise - 500ML;1300;1300
Welsea Thon Miettes à L'huile de Tournesol 160g;BoutiqueOfficielle;#VALUE!
Armonia Lave vitre - 750ML;575;575
Energizer Pile AA R6 x 4;1200;1200
Don Simon Jus De Merianda 1L;1125;1125
Présséa Fresh Canette Tropical - 25 CL;BoutiqueOfficielle;#VALUE!
Fruitales Purée De Piment Jaune Extra Forte 200g;1700;1700
Foster Clark'S Fleur De Mais;800;800
Zena Sirop Bouye 75cl;1750;1750
Oreo Biscuits Pocket Familial 440g;3525;3525
Flecha Thé 4011 25Gx10;1100;1100
Vahine Arôme Vanille Artificiel 200ML;3050;3050
La Baleine Sel Fin Bec Verseur Bv - 600 G;890;890
Madar Eau de Javel – 250ML;175;175
Zena Confiture Bissap 430 G;1250;1250
Mentos Ice Gum Sf Peppermint - Mentos;325;325
La Perruche Sucre Roux Morceaux 1Kg;2300;2300
Zena Sirop Bissap 75cl;1750;1750
Café Royal 1 Paquet De 16 capsules Caffe Grande -Compatibles avec Dolce Gusto;BoutiqueOfficielle;#VALUE!
Nutraline QUICKER OATS - Flocons d'avoine, sachet 600G, beige, marron clair;1250;1250
Café Royal 1 Boîte De Bûchettes De Sucre Café Royal  - 1000 Pièces - 4G;BoutiqueOfficielle;#VALUE!
Café Royal 1 Boîte De Café Royal Coffee Aggloméré - Arôme Corsé - 200G;BoutiqueOfficielle;#VALUE!
WHITE LION POWER Power Boisson Energisante 250ml;5400;5400
Generic Charbon de bois ecologique - 4 kg;1200;1200
Café Royal 1 Paquet De 16 Capsules Decaffeinato compatible avec Dolce Gusto;BoutiqueOfficielle;#VALUE!
Nutraline OTISPORT Nutrition Sportive, bleu, jaune, boîte 350G;2200;2200
Zena Confiture Fraise 430g;1400;1400
Decapfour Express 500ml - Decapfour;2575;2575
Generic Sardine à L Huile Végétale - 125G;350;350
Zena Tahini 400G;2250;2250
Belle France Céréales Boules Miel 375g;1500;1500
Hojiblanca Olives Vertes Denoyautees Bocal 350g;990;990
Barilla Pâtes Fusilli – 500G;1125;1125
Flecha Boite De Thé Vert - 250g;925;925
Zena Sucre Glace 500g;700;700
Zena Sirop Tamarin75cl;1750;1750
Generic Riz Entier Parfumé Kitchen King 5Kg;4400;4400
Maman Purée de Pomme de Terre  - 440G;1450;1450
Mentos Pf Freshmint 35pcs - Mentos;1975;1975
Armonia Eau de Javel - 1 Litre;450;450
Omo Savon En Poudre - 500G;1050;1050
Foster Clark'S Essences Culinaires Menthe 28ml;260;260
Maman Céréales Choco Flakes  - 375G;1250;1250
Fruitales Sirop De Citron Vert 750ml;1975;1975
JYRELA Poire Au Sirop 4/4;2025;2025
Panzani Macaroni - 500G;990;990
Renova Essuie-Tout Design - 3 Rouleaux XXL;1875;1875
La Tisaniere Nuit Calme;2575;2575
Febreze Désodorisant Voiture Fleur Naissante – 2ML;BoutiqueOfficielle;#VALUE!
Welsea Thon à L'huile De Tournesol Poche 74g;BoutiqueOfficielle;#VALUE!
Foster Clark'S Essences Culinaires Fraise 28ml;260;260
Vahine Gelatine Feuille 9 C;1250;1250
Zena Poudre De Bouye 200g;1400;1400
Fruitales Purée De Piment Forte 200g;1375;1375
Pâtes Alimentaires - Coquillettes - 500G;500;500
Avril Pois Chiches Naturels - 400G;750;750
JYRELA Poivron Tricolore Lanières;7300;7300
Vahine Arôme Vanille Artif. 50ml;1250;1250
Armonia Nettoyant Multi Usage Citron - 1 Litre;850;850
JYRELA Tomates Entières Pelées  3/1;3700;3700
Avril Champignons de Paris Pied & Morceaux - 390G;1250;1250
Racines Thé Infusion D'Afrique  Kinkeliba - 25 Sachets – 40G;2600;2600
Zena Sirop Exotique 75cl;1600;1600
Ivorio Jus D'ananas - 33CL;690;690
Generic Sacs Poubelle - 50 Litres X 15;1200;1200
La Baleine Bicarbonate - 250 G;2175;2175
Café Royal 1 Paquet De 16 Capsules Decaffeinato compatible avec Dolce Gusto;BoutiqueOfficielle;#VALUE!
Café Royal 16 Capsules - Caramel - Compatible Avec Dolce Gusto;3000;3000
Nutraline OTIVA Nutrition Healthy, bleu, vert, boîte 350G;2200;2200
Café Royal 1 Paquet de 10 capsules Espresso Forte compatibles avec Nespresso - Arôme fruité;BoutiqueOfficielle;#VALUE!
Nutraline OTISPORT Nutrition Sportive, bleu, jaune, boîte 350G;2200;2200
Generic Charbon de bois ecologique - 4 kg;1200;1200
Café Royal 1 Paquet De Café Royal Caramel - Arôme Caramel - 10 Capsules;BoutiqueOfficielle;#VALUE!
Nutraline QUICKER OATS - Flocons d'avoine, sachet 600G, beige, marron clair;1250;1250
Generic Balai Raclette Vitre + Manche Telescopique;1575;1575
Mentos Fruit Roll 14pcs  - Mentos;335;335
Sofia Lait De Coco 400 Ml;1500;1500
Mentos Ice Gum Sf Artic Mint - Mentos;325;325
Lorenz Chips Monster Munch - Goût Fromage - 75G;1190;1190
7 Up Bouteille de1.25 Litres - Seven Up;BoutiqueOfficielle;#VALUE!
Renova Papier Toilette - 12 Rouleaux Super;2675;2675
Barilla Lasagne 500g - Barilla;1800;1800
Hojiblanca Olives Vertes Entieres Bocal 350g;950;950
Lotus 200 Mouchoirs Blancs - Lotus;1175;1175
Choc Poudre À Récurer Citron - 500G;900;900
Bec Balai Tête De Loup Ovale + Manche Telescopique;1850;1850
Sanytol Purificateur D'air Désinfectant Surfaces & Textiles Fleurs Blanches - 300ML;2600;2600
Seo Bouteille d'Eau Minérale - 1,5 Litres;275;275
Sanytol Désinfectant Chaussures Fraicheur - 150ML;2300;2300
Avril Haricots Blancs - 400G;790;790
Lotus Mouchoirs De Poche x 6 Compact 4 Plis- Lotus;1025;1025
Sofia Paquet De Coco Râpé - 250G;875;875
Febreze Désodorisant Textile Classique – 500ML;BoutiqueOfficielle;#VALUE!
Welsea Thon Naturel Poche 74g;BoutiqueOfficielle;#VALUE!
Easy Lave Vitre Pistolet - 825ML;825;825
Kikkoman Sauce De Soja Allégée en Sel 150ml - Kikkoman;3000;3000
Renova Papier Toilette - 9 Rouleaux Easy;1225;1225
Vahine Gélatine Alimentaire en Feuillesx9 - 17g;1650;1650
Pony Cocktail Au Sirop 420g;1350;1350
Le Soleil 4/4 Haricots Blanc;1700;1700
Febreze Désodorisant Air Rose Du Matin 300ml – 300ML;BoutiqueOfficielle;#VALUE!
Ducros Oignons 37cl;1525;1525
Zena Confiture Bissap 30g;250;250
Febreze Désodorisant Voiture Rosee Du Matin – 2ML;BoutiqueOfficielle;#VALUE!
Ducros Huile D'olives 500 Ml;5800;5800
SAAFIA Fonio Précuit 500g;1050;1050
Zena Confiture Mangue 30g;250;250
Ferba Champignons Eminces 1/2;1150;1150
Avril Petits Pois Très Fins - 4/4;1250;1250
Sanytol Nettoyant Désinfectant Sols & Surfaces  Eucalyptus - 1 Litre;2050;2050
Zena Confiture Papaye 30g;250;250
Lotus Papier Toilette Confort 4 Rouleaux - Lotus;1700;1700
Lay'S Chips Bolognaise 27,5g;401;401
Fruitales Purée De Piment Forte 100g;800;800
Café Royal 1 Paquet De 16 capsules Caffe Grande -Compatibles avec Dolce Gusto;BoutiqueOfficielle;#VALUE!
WHITE LION POWER Power Boisson Energisante 250ml;5400;5400
Nutraline OTISPORT Nutrition Sportive, bleu, jaune, boîte 350G;2200;2200
Nutraline QUICKER OATS - Flocons d'avoine, sachet 600G, beige, marron clair;1250;1250
Café Royal 16 Capsules - Caramel - Compatible Avec Dolce Gusto;3000;3000
Nutraline OTIVA Nutrition Healthy, bleu, vert, boîte 350G;2200;2200
Generic Charbon de bois ecologique - 4 kg;1200;1200
Café Royal 1 Paquet De 16 Capsules Decaffeinato compatible avec Dolce Gusto;BoutiqueOfficielle;#VALUE!
Joker Jokoline Orange Sans Pulpe Abc 1l;1950;1950
Barilla Spaghetti Integrale 500g - Barilla;1325;1325
Canard Wc Gel  Detartrant - 750 Ml;1800;1800
Lorenz Crunchips Salés – 100G;1225;1225
Twining Thé Vert Menthe Citron - 20 sachets 30G;3400;3400
Zafi Purée De Piment Frais - 1L;1450;1450
Le Soleil 4/4 Haricots Verts Fin;1400;1400
Fruitales Purée De Piment Jaune Extra Forte 100g;1000;1000
Panzani Purée Tomates Fraiches Brik 500g;1625;1625
Nescafe Boite 100g;1925;1925
Perrier Bouteille D'eau Pétillante - 75CL;1450;1450
Zena Confiture Exotic 450g;1250;1250
Febreze Désodorisant Voiture Envolée Marine – 2ML;BoutiqueOfficielle;#VALUE!
Avril Petits Pois Très Fins Carottes - 400G;750;750
Blédina Céréales Lacté Miel 200g;975;975
Sofia Ananas Tranches Entieres - 565G;1200;1200
La Baleine Sel Gros Bec Verseur Bv - 600 G;900;900
Liza Liza Thon Entier à Huile 4oo G;2150;2150
Bonne Maman Confiture 4 Fruits Rouges - 370G;2100;2100
MOURAFA Bouye En Poudre – 400G;2350;2350
Generic Huile Olive Extra Vierge Hojiblanca - 1 Litre;7600;7600
Armonia Nettoyant Multi usage citron - 450ML;500;500
Mentos Mint Roll 14pcs  - Mentos;335;335
York Eponge Maille d'acier 3Pcs;390;390
Zafi Purée De Piment Extra Fort Avec Morceaux- 195ml;1275;1275
3 HORSES Canette Malt Sans Alcool - 33CL;490;490
Renova Serviette De Table Blanc x 70;675;675
DELICES DU JARDIN Haricots Blancs 4/4;1150;1150
Foster Clark'S Essences Culinaires Ananas 28ml;260;260
WC Net Lot De 3 Blocs Cuvette Solide  - Ocean;2300;2300
Oreo Biscuits X 2 22g;275;275
Barilla Linguine 500g - Barilla;1000;1000
Fruitales Sirop De Bissap 750ml;1975;1975
York Balai En Bois 40 Cm + Poignee Renforcee;3350;3350
La Baleine Sel Gros Salière - 250 G;800;800
Laclait Sachet De Lait En Poudre Laclait - 500G;1900;1900
Baygon Insecticide Bombe Tous Insectes - 300 Ml;1750;1750
Generic G50 Degraissant & Decapant Four x 650 Ml;2250;2250
Mentos Jb Gum Berry Lime 18pcs - Mentos;1000;1000
Alba Eponge Végétale MM x 2;900;900
Café Royal 1 Paquet de 10 Capsules Agent's Choice compatible avec Nespresso- Arôme fruité;BoutiqueOfficielle;#VALUE!
Nutraline OTIVA Nutrition Healthy, bleu, vert, boîte 350G;2200;2200
WHITE LION POWER Power Boisson Energisante 250ml;5400;5400
Nutraline OTISPORT Nutrition Sportive, bleu, jaune, boîte 350G;2200;2200
Café Royal 1 Paquet De Café Royal Caramel - Arôme Caramel - 10 Capsules;BoutiqueOfficielle;#VALUE!
Generic Charbon de bois ecologique - 4 kg;1200;1200
Café Royal 1 Paquet De 16 capsules Caffe Grande -Compatibles avec Dolce Gusto;BoutiqueOfficielle;#VALUE!
Nutraline QUICKER OATS - Flocons d'avoine, sachet 600G, beige, marron clair;1250;1250
La Tisaniere La Tisaniere Thé Après Repas;2575;2575
Columbia Balai + Manche;1175;1175
MOURAFA Sel Iode Fin – 500G;180;180
Sanytol Lessive Désinfectant Du Linge - 500ML;3075;3075
Kikkoman Sauce Soja 150 Ml - Kikkoman;2590;2590
Vahine Pépites Choco Noir 200G;3300;3300
Indomie Nouilles Instantanées Saveur Crevettes;280;280
Renova Papier Toilette - 9 Rouleaux Royal;2650;2650
"CANADA GRANDEA Sirop D'érable 250ml ""Maple Joe""";4650;4650
Poker Cocoa Cream 45g - Poker;300;300
Zafi Purée De Piment Fort Avec Morceaux - 370ml;1475;1475
Avril Betteraves - 400G;790;790
Panzani Tagliatelle 500 G;2500;2500
Rose Lait Entier  - 50 CL;BoutiqueOfficielle;#VALUE!
Boite De Macédoine 5 Légumes - 400G;650;650
Avril Petits Pois Extra Fins - 400G;850;850
Oreo Biscuits Double Stuff Rouleau 157g;1875;1875
Avril Haricots Vert Extra Fins - 400G;890;890
Sanytol Pistolet Désinfectant Multi-usages Eucalyptus - 500ML;2350;2350
SAAFIA Brisure De Mais 500g;650;650
Soft Flower Serviette 2V 38X38 40Pcs  Blanc;975;975
Le Soleil 4/4 Petits Pois Fins;1875;1875
Zena Confiture Abricot 450g;1250;1250
Flecha Thé 41022 25G x 10;1300;1300
York Balai+Manche En Bois Laura;2550;2550
Divella Vinaigre Balsamique 500ML;1800;1800
Zena Pack Pot Confiture 8 x 30G;4000;4000
Zena Fleurs De Bissap Blanc 125g;600;600
Generic Bec à Gaz;3600;3600
Foster Clark'S Essences Culinaires Banane 28ml;260;260
"Belle France Haricots Rouges 4/4 ""Bf""";1400;1400
La Tisaniere Drainage Elimination Pamplemousse;2775;2775
Panzani Pâtes Nouilles Fines - 500G;1700;1700
MELOLAC Céréales Chapelet  - 50gx10;2425;2425
Energizer Pile Rechargeable R3 x 2;2800;2800
Dari Cheveux D'ange - 500G;1090;1090
Lotus Mouchoirs De Poche x 15 Mentholes Eucalyptus 4 Plis - Lotus;2725;2725
Soft Flower Papier Hygiénique Jumbo 120M 2PL;1575;1575
Ducros Olivess Noires Sachets 125g;1000;1000
Ducros Huile D'olives 750 Ml;8050;8050
Café Royal 1 Paquet De Café Royal Caramel - Arôme Caramel - 10 Capsules;BoutiqueOfficielle;#VALUE!
Café Royal 1 Boîte De Café Royal Coffee Mild/Doux - Arôme Double Lungo - 100G;BoutiqueOfficielle;#VALUE!
Nutraline OTIVA Nutrition Healthy, bleu, vert, boîte 350G;2200;2200
Café Royal 1 Paquet De 16 capsules Caffe Grande -Compatibles avec Dolce Gusto;BoutiqueOfficielle;#VALUE!
Nutraline QUICKER OATS - Flocons d'avoine, sachet 600G, beige, marron clair;1250;1250
Generic Charbon de bois ecologique - 4 kg;1200;1200
WHITE LION POWER Power Boisson Energisante 250ml;5400;5400
Nutraline OTISPORT Nutrition Sportive, bleu, jaune, boîte 350G;2200;2200
Bonduelle Bonduelle 1/2 Macedoine Leg.;1025;1025
Elle & Vire Dessert Lacté Fraise - 125G;500;500
Cif Crème Citron - 500ML;1400;1400
Lu Biscotte Normale 300g;2500;2500
Racines Thé Infusin D'Afrique  Baobab - 25 Sachets -  40G;2600;2600
Febreze Désodorisant Textile Réducteur d'Allergènes – 500ML;BoutiqueOfficielle;#VALUE!
Tampico Doypack Mangue  - 175ML;100;100
Sofia Barquette De Margarine - 1 KG;2400;2400
Renova Essuie-Tout Maxi Absorption - 4 Rouleaux;1775;1775
Lu Edition Speciale 150g;1150;1150
Belle France Céréales Pétales De Mais Sucre Glace 375g;1750;1750
Elle & Vire Crème Dessert Caramel - 125G;450;450
Mr Propre Nettoyant Ménager Multi usage Citron – 750ML;BoutiqueOfficielle;#VALUE!
Rose Lait Entier Mini- 20 CL;BoutiqueOfficielle;#VALUE!
Energizer Pile 9V;1325;1325
Arix Eponge Mousse Color Double Face x 3;550;550
Celliflore Thé Transit - 20 Sachets - Celliflore;2400;2400
JYRELA Abricots Au Sirop 4/4;2100;2100
Arix Eponge Végétale Double Face x 3;1075;1075
President Lait Bouteille Entier Sterilise 1l;1800;1800
Zena Boisson Gingembre 20cl;525;525
Twining Vert Menthe;3300;3300
Fruitales Purée De Piment Au Gingembre 200g;1450;1450
Poker Hazelnut Cream 45g - Poker;300;300
Panzani Pâtes Cheveux D'anges - 500G;1700;1700
Soft Flower Papier Absorbant 300Feuilles 2V XXL  Uni;2450;2450
Pulmoll Classic 75G - Pulmoll;1325;1325
"JEAN NICOLAS Haricots Blancs 1/2 ""Bf""";825;825
Energizer Pile R20 x 2;2350;2350
Lune De Miel Pot Miel De Fleurs - 375G;3600;3600
JYRELA Pèches Demi Au Sirop 4/4;1575;1575
Arix Eponge Végétale Double Face x 2;790;790
Generic Champignons Emincés Royal Arm 3/1;5800;5800
Lotus Mouchoirs De Poche Classic 4 Plis Style - Lotus;2725;2725
Panzani Capellini N°1 500g;1700;1700
Panzani Pâtes Coquillettes - 500G;1700;1700
Poker Vanilla Cream 45g - Poker;300;300
Apta Tampon a Récurer 5 Pièces - Apta;750;750
Lotus Papier Toilette Moltonel 4 Rouleaux - Lotus;1775;1775
Panzani Pâtes Coudes Rayés - 500G;1990;1990
Café Royal 1 Boîte De Café Royal Coffee Mild/Doux - Arôme Double Lungo - 100G;BoutiqueOfficielle;#VALUE!
Café Royal 1 Boîte De Café Royal Coffee Aggloméré - Arôme Corsé - 200G;BoutiqueOfficielle;#VALUE!
WHITE LION POWER Power Boisson Energisante 250ml;5400;5400
Café Royal 1 Paquet De Café Royal Caramel - Arôme Caramel - 10 Capsules;BoutiqueOfficielle;#VALUE!
Nutraline OTISPORT Nutrition Sportive, bleu, jaune, boîte 350G;2200;2200
Generic Charbon de bois ecologique - 4 kg;1200;1200
Café Royal 1 Boîte De Bûchettes De Sucre Café Royal  - 1000 Pièces - 4G;BoutiqueOfficielle;#VALUE!
Nutraline QUICKER OATS - Flocons d'avoine, sachet 600G, beige, marron clair;1250;1250
Gappy Serviette De Table Blanc x 100 x 30 x 30 Cm;750;750
Pony Pêches Au Sirop 410g;1300;1300
Pony Abricot Au Sirop 410g;1300;1300
Panzani Sauce Provençale - 425G;1900;1900
Apta Carre Vaisselle 5 Pièces - Apta;1075;1075
Panzani Pâtes Farfalle - 500G;1990;1990
Panzani Pâtes Penne Rigate - 500G;1590;1590
Ducros Vinaigrette F.herbes 500ml;1475;1475
MOURAFA Sankhal – 400G;590;590
Arix Eponge Carre Vaisselle Couleur x 3;900;900
York Mop Rectangulaire Set 14L New Printemps;3350;3350
Chio Chips Sour & Cream Onion - 75G;825;825
Lu Petit Brun 150g;1200;1200
Carolin Desinfectant Salle De Bain Pistolet Anticalcaire Vinaigre - 650ML;2500;2500
Generic Lot  De 100 Serviettes Jetables  - 1 Plis;825;825
Pulmoll Extra Strong 45G - Pulmoll;1325;1325
Twining The Vert Simplement Pur;3425;3425
Carolin Desinfectant Pistolet Anti-bact Sans Javel Eucalyptus - 650ML;2500;2500
Lu Petit Beurre 200g;1650;1650
Avril Champignons Entiers - 390G;1400;1400
LA VIVRIERE Farine de Niébé – 400 G;625;625
Mentos Pf Wintergreen 35pcs - Mentos;1975;1975
Ducros Mayonnaise Squeezer 450gr;1850;1850
Panzani Pâtes Torti - 500G;1700;1700
Mr Propre Nettoyant Ménager Multi usage Fraicheur d’hiver – 750ML;BoutiqueOfficielle;#VALUE!
Le Soleil 4/4 Pois Chiches;1525;1525
Zwan Luncheon Poulet 340g;2200;2200
Canard Lot De 3 Blocs Cuvette - Marine;3400;3400
Avril Haricots Vert Très Fins - 400G;790;790
Panzani Linguine N°11 500g;1450;1450
Energizer Pile AA R6 x 2;625;625
York Eponge Maille d'acier Spiral Mini;190;190
Soft Flower Papier Absorbant 300Feuilles 2V XXL  Imprime;2550;2550
Canard Lot De 2 Blocs - Eau Bleue;2900;2900
Panzani Spaghettone 500g;1480;1480
Zena Fleurs De Bissap Rouge 125g;575;575
Yotox Diffuseur Electrique;1550;1550
Le Soleil 4/4 Macedoine Legumes;1700;1700
Le Soleil 1/2 Macedoine Legumes;1000;1000
Stella Eponge Metalique 3Pcs;390;390
Café Royal 1 Boîte De Café Royal Coffee Mild/Doux - Arôme Double Lungo - 100G;BoutiqueOfficielle;#VALUE!
Café Royal 1 Paquet De Café Royal Caramel - Arôme Caramel - 10 Capsules;BoutiqueOfficielle;#VALUE!
Nutraline OTISPORT Nutrition Sportive, bleu, jaune, boîte 350G;2200;2200
WHITE LION POWER Power Boisson Energisante 250ml;5400;5400
Café Royal 1 Boîte De Bûchettes De Sucre Café Royal  - 1000 Pièces - 4G;BoutiqueOfficielle;#VALUE!
Generic Charbon de bois ecologique - 4 kg;1200;1200
Café Royal 1 Boîte De Café Royal Coffee Aggloméré - Arôme Corsé - 200G;BoutiqueOfficielle;#VALUE!
Nutraline QUICKER OATS - Flocons d'avoine, sachet 600G, beige, marron clair;1250;1250
Febreze Désodorisant Textile Anti-Tabac – 500ML;BoutiqueOfficielle;#VALUE!
Ducros Olives Noires Grecque 37cl Bocal;1850;1850
Twining English Breakfast;3200;3200
Kikkoman Sauce De Soja Allégée en Sel 250ml - Kikkoman;3200;3200
Ducros Olives Noires 37cl Denoyautées Bocal;1500;1500
Ducros Vinaigrette Nature 500ml;1350;1350
Ducros Pot De Cornichons 72 Cl;2800;2800
Zwan Luncheon Poulet Hot Spicy 200 g;1525;1525
Stella Eponge Cellulose Vaisselle;975;975
Soft Flower Serviette 2V 38X38 40Pcs  Orange;1475;1475
Soft Flower Serviette 2V 38X38 40Pcs  Rouge;1475;1475
Ferba Champignons Eminces 4/4;2325;2325
Bravo Jus d'Orange - 2L;3100;3100
Rose Lait Entier - 1L;BoutiqueOfficielle;#VALUE!
Seo Bouteilles d'eau Minérale - 4.5 Litres;425;425
Lalia Lait En Poudre - 500G;1575;1575
Madar Nettoyant Multi-Usage - Citron - 900ML;850;850
Indomie Nouilles Instantanées Saveur Crevettes;250;250
Everyday Farine De Blé 1KG;BoutiqueOfficielle;#VALUE!
Valda Pastilles Non Ph. 28g;225;225
Pack de 6 Bouteilles d'Eau Minérale - 1,5 Litres;BoutiqueOfficielle;#VALUE!
Madar Lessive en Poudre - 900G;1100;1100
Coca-cola Canette - 330ML;BoutiqueOfficielle;#VALUE!
Bocal De Moutarde - 850G;BoutiqueOfficielle;#VALUE!
Prince Biscuits Goût Chocolat - 73,8 g;350;350
Mini Jus Pomme Briquette 200 ML -  Goodies Offerts à partir de 12 unités achetées;200;200
Everyday Mayonnaise Oeufs 500ML;1150;1150
Biskrem Biscuits À La Crème Coco;100;100
Chocomousse Pate à Tartiner 500G;825;825
Everyday Pate Alimentaire Spirelli 500G;BoutiqueOfficielle;#VALUE!
Royal Sénégal Riz Long Grain 5% Parfumé - 1KG;650;650
Savonet Gel Lavant Liquide - Citron - 350ML;425;425
Bocal De Moutarde - 370G;BoutiqueOfficielle;#VALUE!
Minute Maid Minute Maid Tropical - 330ML;BoutiqueOfficielle;#VALUE!
Madar Eau de Javel - 1L;425;425
Dano Lait Entier Concentré Non Sucré - 170 gr;BoutiqueOfficielle;#VALUE!
Boisson Gazeuse - 1L;725;725
Pepsi Canette - 33 CL;BoutiqueOfficielle;#VALUE!
Diamo Mayonnaise  1kg;1700;1700
Pepsi Canette - Pepsi Max - 33CL;BoutiqueOfficielle;#VALUE!
Generic Serpillière Multicolore;475;475
Café Royal 1 Paquet De 16 Capsules Decaffeinato compatible avec Dolce Gusto;BoutiqueOfficielle;#VALUE!
Nutraline OTIKIDS Nutrition Jeunesse, rouge, jaune, crocodile;1850;1850
Nutraline OTIVA Nutrition Healthy, bleu, vert, boîte 350G;2200;2200
Café Royal 16 Capsules - Caramel - Compatible Avec Dolce Gusto;3000;3000
Café Royal 1 Paquet De Café Royal Caramel - Arôme Caramel - 10 Capsules;BoutiqueOfficielle;#VALUE!
Nutraline QUICKER OATS - Flocons d'avoine, sachet 600G, beige, marron clair;1250;1250
WHITE LION POWER Power Boisson Energisante 250ml;5400;5400
Generic Serpillière Multicolore;475;475
Dano Carton Lait Quotidien 400G*10;BoutiqueOfficielle;#VALUE!
Anita Gingembre 50g - Anita;450;450
Coca-cola Pack De 24 Canettes - 330ML;BoutiqueOfficielle;#VALUE!
Anita Epices Grillades 50G - Anita;525;525
Madar Nettoyant Multi-Usage Citron - 225ML;250;250
Everyday Mais Doux en Conserve 330G;BoutiqueOfficielle;#VALUE!
Pack De 24 Canettes - 330ML;BoutiqueOfficielle;#VALUE!
Libidor Riz Entier Parfume 5Kg;4090;4090
Css Sucre en Poudre - 1KG;825;825
Nescafe Boite 50g;835;835
Everyday Céréales Cornflakes - 750G + Bouteille Jus D'orange 50cl Offerte;BoutiqueOfficielle;#VALUE!
Schweppes Boisson Gazeuse Agrumes - 1L;690;690
Canette - 330ML;BoutiqueOfficielle;#VALUE!
Generic Allume-Gaz électrique Allume-feu pour cuisine poêle à gaz poêle barbecue poêles;2300;2300
Nescafe Boite 200g;2975;2975
Anita Epice Viande 50g - Anita;500;500
Anita Epice Poulet 50g - Anita;500;500
Café Royal 1 Boîte De Café Royal Coffee Aggloméré - Arôme Corsé - 200G;BoutiqueOfficielle;#VALUE!
Seau de purée De piment -1KG;BoutiqueOfficielle;#VALUE!
Racines Thé Infusin D'Afrique  Citronnelle Ging - 25 Sachets – 40G;2600;2600
Dano Chapelet de 10 Lait Entier En Poudre - 20G;BoutiqueOfficielle;#VALUE!
Fanta Canette Fruits Rouges - 330ML;BoutiqueOfficielle;#VALUE!
Fanta Pack De 24 Canettes Orange - 330ML;BoutiqueOfficielle;#VALUE!
Bocal De Moutarde - 150G;370;370
Noura Lessive en Poudre - 900G;1025;1025
Candia Lait Entier GrandLait - 1 Litre;BoutiqueOfficielle;#VALUE!
Fanta Canette Orange - 330ML;BoutiqueOfficielle;#VALUE!
KAYNA Petit Plomb – 250 g;225;225
VIMTO Boisson Gazeuse - 1L;750;750
Souki Sucre en Morceaux - 1KG;790;790
Gazelle Boisson Gazeuse Limonade - 30CL;250;250
Gazelle Boisson Gazeuse Pomme - 1L;650;650
Everyday Ketchup 1KG;1350;1350
Thiof Riz Parfumé Brisé 100% - 25Kg;14200;14200
Nectar De Fruits - Pomme - 1 Litre;BoutiqueOfficielle;#VALUE!
Anita 7epices 50g - Anita;560;560
Candia Lait Candy'Up Fraise - 200ML;BoutiqueOfficielle;#VALUE!
CORVISART Biscottes 100 Tranches;2875;2875
Generic Sniper Pour Punaise De Lit - Insecte - Cafards 100ml;4900;4900
Nutraline OTIVA Nutrition Healthy, bleu, vert, boîte 350G;2200;2200
Nutraline OTIKIDS Nutrition Jeunesse, rouge, jaune, crocodile;1850;1850
Nutraline QUICKER OATS - Flocons d'avoine, sachet 600G, beige, marron clair;1250;1250
Café Royal 1 Boîte De Café Royal Coffee Mild/Doux - Arôme Double Lungo - 100G;BoutiqueOfficielle;#VALUE!
WHITE LION POWER Power Boisson Energisante 250ml;5400;5400
Generic Charbon de bois ecologique - 4 kg;1200;1200
Nutraline OTISPORT Nutrition Sportive, bleu, jaune, boîte 350G;2200;2200
Café Royal 1 Paquet de 10 Capsules Agent's Choice compatible avec Nespresso- Arôme fruité;BoutiqueOfficielle;#VALUE!
Marrakech Jus Kids Mangue 200ml;235;235
Présséa Fresh Canette Orange - 25 CL;BoutiqueOfficielle;#VALUE!
Bocal De Purée De Piment - 370G;BoutiqueOfficielle;#VALUE!
The Vert Nature  30 Sachets;2100;2100
The Caramel  25 Sachets;1850;1850
Green Leaf 4 Pièges à leurre pour souris et rat panneaux collants de force piège à colle intérieur et extérieur;2990;2990
Generic Couscous Moyen Capa - 1KG;925;925
Generic Balai Raclette Vitre + Manche;825;825
VIMTO Boisson Gazeuse - 30CL;290;290
Generic Charbon Pour Chicha et Encens;4000;4000
Maggi Tablette Arome 60x10G;1625;1625
Madar Nettoyant Lave Vitres - 1L;750;750
Fanta Pack De 24 Canettes Fruits Rouges - 330ML;BoutiqueOfficielle;#VALUE!
Amora Mayonnaise Blanche - 450G;1490;1490
La Perruche Sucre Cassonade 750G Doypack;2500;2500
Gazelle Boisson Gazeuse Ananas - 1L;690;690
"Dano Chapelet de 10 Lait En Poudre ""Quotidien' - 20G";BoutiqueOfficielle;#VALUE!
The Agrumes  20 Sachets;1850;1850
Rani Canette Cocktail - 240ML;325;325
The Citron  25 Sachets;1850;1850
Casamançaise Bouteille d'Eau Minérale - 1,5 Litres;260;260
Generic Ensemble de couches lavables - Paquet de 5 couches réutilisables pour bébés avec insert;19800;19800
Ariel Poudre Lessive Machine 2Kg;BoutiqueOfficielle;#VALUE!
NOR DAR Couscous Moyen 1kg;990;990
Fanta Boisson Gazeuse Orange - 1L;725;725
Duval Sirop De Menthe - 75CL;1790;1790
Generic Pack allume Gaz avec recharge  +Charbon de bois Narguilé;5050;5050
Présséa Fresh Canette Mangue - 25 CL;BoutiqueOfficielle;#VALUE!
Candia Pack De 21 Lait Candy'Up Fraise - 200ML;BoutiqueOfficielle;#VALUE!
Chio Chips Fromage - 75g;825;825
Dano Lait Entier - 400G;BoutiqueOfficielle;#VALUE!
Nectar De Fruits - Mix Ananas/Gingembre - 1 Litre;BoutiqueOfficielle;#VALUE!
Présséa Fresh Boisson Aux Fruits - Orange - 1 Litre;BoutiqueOfficielle;#VALUE!
KAYNA Cheveux d’ange – 500g;650;650
Divella Biscuits Grottoli 400G;1500;1500
Maizena Fleur De Mais 400g;2325;2325
MOURAFA Pâte D’arachides – 500G;1200;1200
Gazelle Boisson Gazeuse Pomme - 30CL;250;250
KAYNA Couscous Moyen – 500g;475;475
Présséa Fresh Boisson Aux fruits - Tropical - 1 Litre;BoutiqueOfficielle;#VALUE!
TERRA DELYSSA Huile D'olive 250ml;1890;1890
WHITE LION POWER Power Boisson Energisante 250ml;5400;5400
Nutraline OTIKIDS Nutrition Jeunesse, rouge, jaune, crocodile;1850;1850
Café Royal 1 Paquet De 10 Capsules Guatémala - Compatible avec Nespresso - Arôme légèrement épicé;BoutiqueOfficielle;#VALUE!
Nutraline OTISPORT Nutrition Sportive, bleu, jaune, boîte 350G;2200;2200
Nutraline QUICKER OATS - Flocons d'avoine, sachet 600G, beige, marron clair;1250;1250
Generic Charbon de bois ecologique - 4 kg;1200;1200
Café Royal 1 Paquet De 16 Capsules Decaffeinato compatible avec Dolce Gusto;BoutiqueOfficielle;#VALUE!
TERRA DELYSSA Huile D'olive 250ml;1890;1890
Generic Riz Basmati - 5KG;6675;6675
Mirinda Canette Fruity - 33 CL;BoutiqueOfficielle;#VALUE!
Generic Balai Tête De Loup Boule + Manche Telescopique;1575;1575
KAYNA Couscous Fin - 1kg;950;950
Pack de 12 Bouteilles d'Eau Minérale - 50CL;2500;2500
Generic Ultrasonique électronique Moustique Ravageur Insecte Souris Insectes Répulsif;4890;4890
Café Royal 1 Paquet De 16 capsules Caffe Grande -Compatibles avec Dolce Gusto;BoutiqueOfficielle;#VALUE!
Generic Pack de 4 Tapis Collant Piége  pour souris et rats;2200;2200
Divella Biscuits Tourelles 350G;1500;1500
White Label Lave vitre magnétique double face;5500;5500
Wash Nicely LE TRIO DE LAVAGE POUR MACHINE A LAVER;9300;9300
Cacao Butter Pur Beurre de cacao 500g;3600;3600
Ariel Poudre Lessive Main 160G;BoutiqueOfficielle;#VALUE!
White Label Panier à Linge - 63 Litres - CA820414 ( multicolores);BoutiqueOfficielle;#VALUE!
Generic Serpillière Blanche;475;475
J'Adore Huile de Tournesol - 1.8L;3575;3575
Marrakech Jus Nectar Mangue 1L;1275;1275
SAAFIA Arraw Gros 500g;650;650
Welsea Thon à L'herbe & Ail Poche 74g;600;600
Hojiblanca Huile Olive 75 Cl;6090;6090
Ariel Poudre Lessive Main Couleur 22G;BoutiqueOfficielle;#VALUE!
Don Simon Jus Multifruits - 1 Litre;1125;1125
Europa Balai Moquette + Manche;1300;1300
Gazelle Boisson Gazeuse Ananas - 30CL;250;250
Moutarde de Dijon Squeeze - 750 G;1275;1275
Nectar Mix Mangue Passion - 1 Litre;BoutiqueOfficielle;#VALUE!
FRESHY Savon Liquide Lave Main FRESHY Citron 475ML;BoutiqueOfficielle;#VALUE!
Nectar Orange - Sans Sucres Ajoutés - 1 Litre;BoutiqueOfficielle;#VALUE!
Café Royal 1 Paquet De Café Royal Espresso Forte - Arôme fruité - 10 Capsules;1990;1990
Eau Minérale - 0.5l;190;190
"Ariel Lessive en Poudre ""Original"" - 400G";800;800
Generic Bruleur d'encens électrique - Argenté;3500;3500
KAYNA Coude Raye  - 500g;650;650
Gizmo Pack Maxi 36 Couches Pour Bébé 9-18 kg;2800;2800
Tabana Poivron Rouge Entier 1/2;1390;1390
Generic Cafe Touba Gade Gui 250g;850;850
Generic Lot de 4 Épurateurs / Eponges en Acier Inoxydable, laine de nettoyage pour la cuisine;490;490
Zena Boisson Ditakh 1l;1850;1850
Zena Pate D'arachide 370g;1250;1250
Nutraline OTIKIDS Nutrition Jeunesse, rouge, jaune, crocodile;1850;1850
Café Royal 1 Paquet De 16 capsules Caffe Grande -Compatibles avec Dolce Gusto;BoutiqueOfficielle;#VALUE!
WHITE LION POWER Power Boisson Energisante 250ml;5400;5400
Nutraline OTIVA Nutrition Healthy, bleu, vert, boîte 350G;2200;2200
Nutraline OTISPORT Nutrition Sportive, bleu, jaune, boîte 350G;2200;2200
Café Royal 16 Capsules - Caramel - Compatible Avec Dolce Gusto;3000;3000
Generic Charbon de bois ecologique - 4 kg;1200;1200
Nutraline QUICKER OATS - Flocons d'avoine, sachet 600G, beige, marron clair;1250;1250
Generic Seau Essoreur Ménage - Lazy Mop - Serpillère Microfibre - Automatique;10900;10900
TERRA DELYSSA Huile D'olive 500ml;3500;3500
Stella Eponge Vaisselle;390;390
Nestle Coffee-mate;7900;7900
Carvi Food Viande De Bœuf Séchée - Halal -  Ail - 30g;1240;1240
Hemani Huile pour peau de Coco concentré et  Pure - 100% Naturelle - 400 ml;2500;2500
Présséa Fresh Boisson Fresh Mangue Coco - 33CL;BoutiqueOfficielle;#VALUE!
Generic Balai Magique et Seau essoreuse 360°;7900;7900
Generic Film Alimentaire - multifonction 100pièces;3500;3500
Zafi Marinades Viandes Naturels - Chapelet Stick 10 x 15G;490;490
Generic Laveur automatique de brosse de nettoyage de cuisine en plastique;2900;2900
Barilla Maccheroni 500g - Barilla;975;975
Zena Sirop Citron 75cl;1750;1750
Sensations Cacao 100% Poudre de cacao foncée 400g;2750;2750
Madar Renzo - Multi-Usages au Citron - 900 ml;3500;3500
Generic Charbon Pour Chicha et Encens;3800;3800
Casamançaise Bouteille d'Eau Minérale - 0,6 Litres;195;195
Elle & Vire Crème Dessert Chocolat - 125G;450;450
The Agrumes 20 Sachets;1775;1775
Nespresso 10 Capsules - Venezia - Inspirazione Italiana;3300;3300
KAYNA Petit Plomb – 500 g;450;450
Présséa Fresh Boisson Aux Fruits Fresh Mangue Coco - 1L;BoutiqueOfficielle;#VALUE!
Zafi Marinades Poissons Naturels - Chapelet Stick 10 x 15G;490;490
SAAFIA Couscous Avec Lalo 500g;700;700
Pharma Care Savon Liquide Lave Main Antibactérien 475ML;BoutiqueOfficielle;#VALUE!
Generic Poudre de de kojic acid pour se blanchir rapidement effets secondaires 0%;2000;2000
Sunu Suker Buchettes de Sucre Blanc Cristallisé - 500G;1050;1050
Amora Flacon D'arôme - 160ML;1290;1290
Generic Sniper Pour Punaise De Lit - Insecte - Cafards 100ml;3890;3890
Bravo Melon Ananas 1l - Bravo;1550;1550
Bonnet Rouge Lait Concentré Non Sucré - 410g;1150;1150
Nectar De Fruits - Mangue - 1 Litre;1150;1150
Generic Pâte d'arachide en sachet - Gade gui - 250 g;350;350
Divella Petit Biscuit 400G;1500;1500
Coca-cola Boisson Gazeuse - 30CL;260;260
Bouteille d'Eau Minérale - 1,5 Litres;BoutiqueOfficielle;#VALUE!
Generic Balai Magique et Seau Essoreur 360° - Vert Blanc;7900;7900
SAAFIA Sankhal 500g;600;600
MOURAFA Bissap En Poudre – 200G;1125;1125
Café Royal 1 Paquet De 16 Capsules Brasil comptablible avec Dolce Gusto- Arôme Noix & Chocolat;BoutiqueOfficielle;#VALUE!
WHITE LION POWER Power Boisson Energisante 250ml;5400;5400
Nutraline QUICKER OATS - Flocons d'avoine, sachet 600G, beige, marron clair;1250;1250
Café Royal 1 Paquet De 16 Capsules Brasil comptablible avec Dolce Gusto- Arôme Noix & Chocolat;BoutiqueOfficielle;#VALUE!
Café Royal 1 Paquet de 10 capsules Espresso Forte compatibles avec Nespresso - Arôme fruité;BoutiqueOfficielle;#VALUE!
Nutraline OTISPORT Nutrition Sportive, bleu, jaune, boîte 350G;2200;2200
Generic Charbon de bois ecologique - 4 kg;1200;1200
Café Royal 1 Boîte De Café Royal Coffee Aggloméré - Arôme Corsé - 200G;BoutiqueOfficielle;#VALUE!
Nutraline OTIVA Nutrition Healthy, bleu, vert, boîte 350G;2200;2200
Nespresso 10 Capsules - Cosi - Espresso Classique;3300;3300
SAAFIA Thiakry 500g;650;650
Generic Boîte de coton-tige, cure-dents, coton de maquillages en acrylique;4500;4500
Elle & Vire Lait 1/2 Ecrémé Bouteille 50CL;850;850
Mirinda Canette Mirinda Orange - 33 CL;BoutiqueOfficielle;#VALUE!
NOR DAR Couscous Fin - 1kg;990;990
Cic Riz Parfumé – MIMO Thai Hom Mali – 5 X 5 Kg;19000;19000
Gizmo Pack Mini 15 Couches Pour Nouveau Né (2 à 5kg );3750;3750
Generic 6 sachets Poudre de feuille verte antiparasitaire Lutte contre les cafards;1490;1490
Smart Chef Levure Jaune 13g;30;30
Nido Lait en Poudre 2.5kg;19995;19995
Generic Sirop De Maad-Neex Maad-1L;2000;2000
Barilla Spaghettoni 500g - Barilla;910;910
GIAGUARO Tomates Entières Pelées 1/2;925;925
Bouteille d'Eau Minérale - 33CL;BoutiqueOfficielle;#VALUE!
Express Huile d'Olive 100% Bio - 60 ml;2000;2000
Generic Omo  madar 1kg;2500;2500
Bassy Préparation beignets au sucre - 3 sachets de 310g - Bassy;2000;2000
Présséa Fresh Boisson Fresh Tropical - 33CL;BoutiqueOfficielle;#VALUE!
Café Royal 1 Paquet de 10 capsules Espresso Forte compatibles avec Nespresso - Arôme fruité;BoutiqueOfficielle;#VALUE!
Barilla Spaghettini 500g - Barilla;1000;1000
Maxwell Café Soluble Qualité Filtre 100g;5375;5375
Blédina Céréales 200g;975;975
Generic Film Alimentaire - Lot de 100 Pièces - 20m;1800;1800
Joker Bouillon Epices -10 Sachets - Piment - 75G;BoutiqueOfficielle;#VALUE!
Présséa Fresh Boisson Fresh Orange - 33CL;BoutiqueOfficielle;#VALUE!
Barilla Spaghettoni 500g - Barilla;1000;1000
Febreze Désodorisant Voiture Citron Agrume – 2ML;BoutiqueOfficielle;#VALUE!
Maxwell Café 25 Sticks Qualité Filtre 45g;2975;2975
Red Bull Boisson Energétique - 250ML;1100;1100
The Yellow 30 Sachets;1500;1500
Zena Chapelure 200g;575;575
Barilla Pâtes Penne Rigate – 500G;1125;1125
Renova Essuie-Tout Maxi Absorption - 1 Rouleaux XXL Extra;1150;1150
Nespresso Chiaro - Edition Barista - 10 capsules;4300;4300
Don Simon Jus D'ananas - 1 Litre;1150;1150
Generic Lot de 10 Éponges à Vaisselle - Multicolore - CA820071;BoutiqueOfficielle;#VALUE!
Yotox Insecticide Plus 520ML;1350;1350
Divella Biscuits Otimini Cacao 400G;1500;1500
Nutraline QUICKER OATS - Flocons d'avoine, sachet 600G, beige, marron clair;1250;1250
Generic Allumeur de charbon de bois électrique;9900;9900
Nutraline OTIKIDS Nutrition Jeunesse, rouge, jaune, crocodile;1850;1850
Café Royal 1 Paquet De 16 Capsules Decaffeinato compatible avec Dolce Gusto;BoutiqueOfficielle;#VALUE!
Café Royal 1 Paquet De Café Royal Caramel - Arôme Caramel - 10 Capsules;BoutiqueOfficielle;#VALUE!
Café Royal 1 Boîte De Café Royal Coffee Mild/Doux - Arôme Double Lungo - 100G;BoutiqueOfficielle;#VALUE!
Nutraline QUICKER OATS - Flocons d'avoine, sachet 600G, beige, marron clair;1250;1250
Café Royal 1 Paquet De 10 Capsules Guatémala - Compatible avec Nespresso - Arôme légèrement épicé;BoutiqueOfficielle;#VALUE!
Nutraline OTISPORT Nutrition Sportive, bleu, jaune, boîte 350G;2200;2200
Generic Allumeur de charbon de bois électrique;9900;9900
Barilla Pâte - Pipe Rigatte - 500G;1125;1125
Elle & Vire Crème Dessert Vanille - 125G;395;395
Dano Lait Entier UHT - 1 Litre;BoutiqueOfficielle;#VALUE!
Baobab Allumettes Grand Modèle;185;185
Sanpellegrino Boisson au Pamplemousse - 33CL;675;675
MOURAFA Thiakri – 400G;575;575
White Label Lot de 2 Paniers à Linge - Bleu Vert;BoutiqueOfficielle;#VALUE!
Ariel Poudre Lessive Machine 1Kg;BoutiqueOfficielle;#VALUE!
Zafi Purée De Piment Extra Fort Avec Morceaux - 370ml;1550;1550
Generic Film Alimentaire - 20m - 100 pièces;1850;1850
Sanpellegrino Boisson à l'Orange Rouge - 33CL;675;675
Cap Africa Thon Entier Naturel 160 G;1350;1350
Generic Film Alimentaire - multifonction 100pièces;3500;3500
Generic Paquet de 20 Sachets Poubelle - 100 Litres - Noir;2500;2500
Cristaline Bouteilles D'eau Minerale - 0,5 Litres;300;300
Generic Lot de 5pcs Torchon Carré 100% coton  Pour Cuisine Lavage Nettoyage Serviette Plat  ca820281;2250;2250
Don Simon Jus De Pomme - 1 Litre;1125;1125
Nectar De Fruits - Bissap - 1 Litre;860;860
Bio Naturelle Grains de Fenouil - 100 Gr;2000;2000
Wash Nicely WHITE GOLD OXI ACTION RAVIVEUR BLANCHEUR 1KILO;2800;2800
Generic Plateau en plastique rectangulaire GM ,  décoratifs pour aliments ou pour petit déjeuner CA820537 52.5cm-40cm;2500;2500
Nespresso 10 Capsules - Roma - Inspirazione Italiana;3500;3500
Cristaline Bouteille D'eau Minerale - 1,5 Litres;490;490
Gizmo 5 Packs Maxi 36 Couches Pour Bébé 9-18 kg;14000;14000
Generic Sirop De Mangue-Neex Mangue-1L;2000;2000
Carvi Food Viande De Bœuf Séchée - Halal -  Ginger - 30g;1240;1240
Generic Encensoir Electrique - Sphère;3750;3750
Marrakech Jus Kids Ananas 200ml;235;235
MOURAFA Araw – 400G;575;575
"Barilla Pâtes  ""Angel Hair"" - 500G";990;990
Ducros Epices Cannelle Baton 10G;1650;1650
Ducros Men Basilic 29g;1200;1200
Madar Savon Ordinaire - 400G;380;380
MOURAFA Bouye En Poudre – 400G;2250;2250
The Vert Nature 30 Sachets;1690;1690
Dano Lait Entier UHT - 500ML;BoutiqueOfficielle;#VALUE!
Generic Pince à linge 24 pièces (kep) + Corde (ligne) 12 Metres - Couleurs Aléatoires;2900;2900
Autre Grille-pain 2 FENTES  HIGH ONE;9955;9955
Eafit Granions somdor +Enf Sommeil Sirop Fl/125ml;3000;3000
Nutraline OTIVA Nutrition Healthy, bleu, vert, boîte 350G;2200;2200
Café Royal 1 Paquet De 16 Capsules Decaffeinato compatible avec Dolce Gusto;BoutiqueOfficielle;#VALUE!
Café Royal 1 Paquet de 10 Capsules Agent's Choice compatible avec Nespresso- Arôme fruité;BoutiqueOfficielle;#VALUE!
Nutraline OTISPORT Nutrition Sportive, bleu, jaune, boîte 350G;2200;2200
WHITE LION POWER Power Boisson Energisante 250ml;5400;5400
Generic Charbon de bois ecologique - 4 kg;1200;1200
Café Royal 1 Boîte De Café Royal Coffee Aggloméré - Arôme Corsé - 200G;BoutiqueOfficielle;#VALUE!
Nutraline QUICKER OATS - Flocons d'avoine, sachet 600G, beige, marron clair;1250;1250
MOURAFA Thiéré Lalo – 400G;600;600
Tabana Poivron Rouge Entier 1/2;1450;1450
Zafi Purée De Piment Fort Avec Morceaux- 195ml;1150;1150
Café Royal 1 Paquet De 10 Capsules Guatémala - Compatible avec Nespresso - Arôme légèrement épicé;BoutiqueOfficielle;#VALUE!
MOURAFA Bissap En Poudre – 200G;1175;1175
Generic SEAU avec robinet 50l;7200;7200
Arix Eponge Carre Vert Abrasif x 5;575;575
Generic Charbon Chicha - 60 Pièces - Noir;2500;2500
Ducros Epices Muscade Moulue 32g;2300;2300
Café Royal 1 Paquet De 16 Capsules Decaffeinato compatible avec Dolce Gusto;BoutiqueOfficielle;#VALUE!
Ducros Epices Couscous 38g;1600;1600
Barilla Pâte - Pipe Rigatte - 500G;1010;1010
Generic Serpillière rotative automatique pour le nettoyage des sols, serpillière à jet d'eau, balai à main pour le nettoyage des sols, Gadget de nettoyage de la poussière;6500;6500
Souki Buchettes de Sucre Blanc Cristallisé - 500G;1050;1050
SAAFIA Arraw Fin 500g;650;650
Yotox Insecticide Jaune 400ML;950;950
Zena Purée De Piment 370g;1525;1525
MOURAFA Bissap En Poudre – 400G;2750;2750
Generic Balai et Ramasse-Poussière - Rouge - CA820611;BoutiqueOfficielle;#VALUE!
Generic Paquet de 5 Serpillières - Coton 100% - 50 x 60 cm;2900;2900
Eafit GMAX TAURINE 30 AMPOULES BUV.;12000;12000
Café Royal 16 Capsules - Caramel - Compatible Avec Dolce Gusto;3000;3000
The Citron 25 Sachets;1775;1775
Nova Desodorisant Nova Fresh  Nuit D'orient  500ml;1175;1175
Welsea Thon Albacore Naturel 160g;BoutiqueOfficielle;#VALUE!
Dari Couscous Fin - 1KG;1490;1490
Ducros Ketchup Squeezer 560G;1525;1525
Nutraline OTISPORT Nutrition Sportive, bleu, jaune, boîte 350G;2200;2200
Lido Boites De Sardines - 125G;350;350
Nespresso Caramel Crème Brûlée - Edition Barista - 10 capsules;4300;4300
Sanpellegrino Boisson à l'Orange - 33CL;675;675
Joya Couches Bébé, Taille 3 (5 - 10 Kg), 38 Couches;4190;4190
Generic Seau Essoreur Ménage - Lazy Mop - Serpillère Microfibre - Automatique;12500;12500
Generic Seau d’eau pliable gris;2000;2000
Nespresso 10 Capsules - Ristretto - Inspirazione Italiana;3500;3500
Marrakech Jus Nectar Goyave 1L;1275;1275
Gizmo Pack Midi 13 Couches Pour Bébé 5-10kg;3750;3750
MOURAFA Thiéré Sans Lalo – 400G;600;600
Generic Porte-Encens - Encensoir Céramique Marron Grand Modèle + 50 Bougies;15000;15000
MOURAFA Thiakri – 400G;600;600
Perrier Bouteille D'eau Pétillante - 20CL;750;750
Café Royal 1 Paquet de 10 Capsules Agent's Choice compatible avec Nespresso- Arôme fruité;BoutiqueOfficielle;#VALUE!
Nutraline OTIVA Nutrition Healthy, bleu, vert, boîte 350G;2200;2200
Café Royal 1 Boîte De Café Royal Coffee Mild/Doux - Arôme Double Lungo - 100G;BoutiqueOfficielle;#VALUE!
Nutraline OTISPORT Nutrition Sportive, bleu, jaune, boîte 350G;2200;2200
WHITE LION POWER Power Boisson Energisante 250ml;5400;5400
Café Royal 1 Paquet De 16 Capsules Decaffeinato compatible avec Dolce Gusto;BoutiqueOfficielle;#VALUE!
Nutraline QUICKER OATS - Flocons d'avoine, sachet 600G, beige, marron clair;1250;1250
Perrier Bouteille D'eau Pétillante - 20CL;750;750
Kangoo Bouteille De Sirop Grenadine - 340ML;BoutiqueOfficielle;#VALUE!
Nespresso Volluto Decaffeinato - Espresso Classique - 10 capsules;4000;4000
Joker Bouillon Epices - 10 Sachets - Epices - 75G;BoutiqueOfficielle;#VALUE!
Nespresso India- Master Origin - 10 capsules;3700;3700
Ducros Epices Coriandre Graines 22g;1550;1550
Evian Eau Minérale 1,5 L;1290;1290
Molfix Paquet de 64 Couches - Taille 4 (7-18 kg);8990;8990
Flash Nettoyant Germicide Antibacteriel Wc - 1L;1500;1500
Generic SET TORCHONS X2 POISSONS;BoutiqueOfficielle;#VALUE!
Ivorio Jus Gingembre - 33CL;650;650
Zena Boisson Goyave 20cl;525;525
Ducros Men Poivre Gris 90g;3450;3450
Ducros Men Poivre Blanc Moulu 90g;4500;4500
Generic Paquet de Couches  -36 piéces 1er age,32 piéces 2e age et 28 piéces 3ème Age;3900;3900
MOURAFA Pâte D’arachides – 500G;1125;1125
Couches Baby - T4+ (9 - 20kg) - 62 Pièces BIGPACK - Violet;13800;13800
Generic Sac de Rangement Bébé - Rose fusha;9762;9762
Generic Film Alimentaire - multifonction 200pièces;4900;4900
Zena Boisson Tamarin 20cl;525;525
Hemani Huile de Coco concentré et  Pure - 100% Naturelle - 400 ml;3200;3200
Zena Boisson Gingembre 1l;1750;1750
Nova Lot de 3 Nova Desodorisant Nova Fresh Nuit D'orient 500ml;3275;3275
Dano Lait Demi Ecrémé UHT - 1 Litre;BoutiqueOfficielle;#VALUE!
Cap Africa Thon Entier a L'huile De Tournsol;1500;1500
Generic Brûleur à Encens Electrique - Bronze;5000;5000
Generic Cuisine paume plat brosse avec la vaisselle jusqu'à savon distributeur de stockage ensemble pot casserole brosse livraison gratuite;3000;3000
Generic Trapcoll Piège à colle pour rongeurs et rats 135grs;1090;1090
Saba Lessive en Poudre Floral - 900g;1250;1250
Generic Pelle à Poussière avec Brosse Rigide - Bleu;1050;1050
Nespresso 10 Capsules - Kazzar - Inspirazione Italiana;3300;3300
Bio Naturel Pack de 6 bouteilles en verre de Jus De Bissap - Neex Bissap - 250 ml;3000;3000
Welsea Thon Albacore à L'huile D'olive 160g;1800;1800
Generic Détachant Multi-Usage Sir Asprins Vaporisateur - 750ML;BoutiqueOfficielle;#VALUE!
Generic papier aluminium CA820118;BoutiqueOfficielle;#VALUE!
MOURAFA Thiéré Lalo – 400G;575;575
White Label Briquet à Gaz Générique - Pas de recharge;2900;2900
Hemani Huile de Coco Pure 100% Naturelle -  400 ml;4990;4990
Wash Nicely CARTON DE 6 UNITÉS WHITE GOLD OXI ACTION RAVIVEUR BLANCHEUR 1KILO;16000;16000
JYRELA Tomates Entières Pelées  4/4;1450;1450
Nutraline OTIKIDS Nutrition Jeunesse, rouge, jaune, crocodile;1850;1850
WHITE LION POWER Power Boisson Energisante 250ml;5400;5400
Café Royal 1 Paquet De 16 Capsules Decaffeinato compatible avec Dolce Gusto;BoutiqueOfficielle;#VALUE!
Café Royal 1 Paquet De 10 Capsules Guatémala - Compatible avec Nespresso - Arôme légèrement épicé;BoutiqueOfficielle;#VALUE!
Nutraline QUICKER OATS - Flocons d'avoine, sachet 600G, beige, marron clair;1250;1250
Café Royal 1 Paquet de 10 Capsules Agent's Choice compatible avec Nespresso- Arôme fruité;BoutiqueOfficielle;#VALUE!
Generic Charbon de bois ecologique - 4 kg;1200;1200
Nutraline OTISPORT Nutrition Sportive, bleu, jaune, boîte 350G;2200;2200
Zena Boisson Bissap 20cl;525;525
Wash Nicely ASSOUPLISSANT  A LA ROSE MUSQUÉE 2L;1800;1800
Generic Pack de 3 brosse de nettoyage multifonction;2000;2000
Dari Couscous Moyen - 1KG;1490;1490
Wash Nicely LESSIVE CAPSULE DOUBLE ACTION X26;5300;5300
Generic Couverture cheveux multifonction 100 pièces;1790;1790
Softcare Paquet de Couches - 36 Pièces - 1er Age;3900;3900
Panzani Pâtes Macaroni - 500G;990;990
Generic éponge à Vaisselle - Grattoir et Microfibre - CA820072;BoutiqueOfficielle;#VALUE!
Green Leaf Lot de 2 sachets de 3 pièces antiparasitaire Lutte contre les cafards;2500;2500
Sanpellegrino Boisson Au Citron - 33CL;675;675
Generic 1PC Creative USB Charging Cigarette Lighter Windproof Flameless Smokeless Gift Electronic Cigarette Lighters(#red And White);Expédiédepuisl'étranger;#VALUE!
Generic Charbon Pour Chicha et Encens sans co2;5000;5000
Nespresso Buenos Aires Lungo - World Explorations - 10 capsules;3700;3700
JYRELA Tomates Entières Pelées 4/4;1390;1390
Generic Poudre de de kojic acid pour se blanchir rapidement effets secondaires 0%;1499;1499
Bio Huile de chébé du Tchad pour cheveux 30ml;1659;1659
Generic Pate d'arachide - Gade Gui - 1 kg;1416;1416
Diamo Vinaigre Coloré 1l;425;425
Generic Serpillière plate avec seau et tampons en microfibre lavables pour système professionnel de nettoyage des sols de la maison;18999;18999
Café Royal 1 Paquet de 10 capsules Espresso Forte compatibles avec Nespresso - Arôme fruité;11000;11000
Generic SAC FRAÎCHEUR ISOTHERME NATURAL LIFE;BoutiqueOfficielle;#VALUE!
Nespresso Colombia - Master Origin - 10 capsules;3700;3700
Generic Paquet de charbon de bois naturel;5650;5650
Bio Crème Extra Grossissante Akfine à l'extrait d'akpi, Fenugrec, Aguaje et Kigélia -;7500;7500
Zena Boisson Goyave 1l;1650;1650
GIAGUARO Tomates Entières Pelées 1/2;890;890
Generic Désodorisant Concentré Foresan Deluxe - 125 ml;1400;1400
Canard Fresh Disc;3000;3000
Nespresso Arpeggio Decaffeinato - Inspirazione Italiana - 10 capsules;3800;3800
Nespresso 10 Capsules - Roma - Inspirazione Italiana;3500;3500
Bouteille d'Eau Minérale - 50 CL;BoutiqueOfficielle;#VALUE!
Zwan Pack Tapenade 2 Boites  Bœuf + Poulet - 200G;2950;2950
Generic Gants de Vaisselle en Silicone de Nettoyage Magique, réutilisables,;4000;4000
Wash Nicely CARTON DE 8 UNITÉS ASSOUPLISSANT CONCENTRÉ LA ROSE MUSQUÉE 2L;14000;14000
Generic Tapis De Prière de Poche Avec Boussole Noir;3500;3500
Generic Charbon Naturel King Coco 1kg - 28 mm;2900;2900
Divella Huile D'Olive 500ML;4450;4450
Ducros Safran en Poudre 0.3g;3850;3850
Autre Allumeur de charbon de bois;8000;8000
Gizmo Pack Maxi 12 Couches Pour Bébé 9-18 kg;1200;1200
Café Royal 1 Paquet de 10 Capsules Agent's Choice compatible avec Nespresso- Arôme fruité;BoutiqueOfficielle;#VALUE!
Nutraline OTIKIDS Nutrition Jeunesse, rouge, jaune, crocodile;1850;1850
Café Royal 1 Paquet De 16 capsules Caffe Grande -Compatibles avec Dolce Gusto;BoutiqueOfficielle;#VALUE!
Nutraline OTISPORT Nutrition Sportive, bleu, jaune, boîte 350G;2200;2200
WHITE LION POWER Power Boisson Energisante 250ml;5400;5400
Café Royal 16 Capsules - Caramel - Compatible Avec Dolce Gusto;3000;3000
Nutraline QUICKER OATS - Flocons d'avoine, sachet 600G, beige, marron clair;1250;1250
Gizmo Pack Maxi 12 Couches Pour Bébé 9-18 kg;1200;1200
Bio Naturelle Bâton de Curcuma - 100 Gr;2000;2000
Divella Biscuits Otimni Classic 400G;1500;1500
Couches T2 (3-6 kg) - 78 Pièces BIGPACK - Violet;11200;11200
Bio Naturelle Sucre Stéviana - 50 Sachets;6900;6900
Zena Purée De Piment 100g;875;875
Generic Cubes d'allumage - 48 Cubes - Blanc;990;990
Generic Tapis Collant Piége  pour souris et rats;890;890
Molfix Bébé MOLFIX JUMBO - Couches 3D Midi taille 3 (4-9 kg) 72 couches;9900;9900
Generic Charbon Pour Chicha et Encens;2999;2999
Generic Allumeur de charbon de bois électrique;13520;13520
Evian Eau Minérale 0,5 L;720;720
Generic Cafe Touba Gade Gui 5KG;13950;13950
Tabasco Tabasco Rouge 60ml;3090;3090
Nespresso 10 Capsules - Volluto - Espresso Classique;3500;3500
Nespresso Stockholm Fortissio Lungo - World Explorations - 10 capsules;3700;3700
Ducros Men Thym 35g;1225;1225
Generic Désodorisant , Diffuseur de parfum - Lavande;2900;2900
MOURAFA Araw – 400G;600;600
Generic PACK 4 POUDRE INSECTICIDE CANYE MULTIFONCTIONS 100g;4800;4800
Ducros Epices Gingimbre Moulu 26g;1775;1775
Generic Balai Magique et Seau essoreuse 360°;7900;7900
Soft Flower Assiette 6Pcs;690;690
Arraw Fin - 500G;675;675
Bio Naturel Pack de 6 Bouteilles en verre de Jus de Tamarin - Neex Tamarin - 250 ml;3000;3000
Generic Planche à Découper en Bois - - Bambou + 1 Rouleau de Pâtissier;2990;2990
Café Royal 1 Paquet de 10 Capsules Agent's Choice compatible avec Nespresso- Arôme fruité;BoutiqueOfficielle;#VALUE!
Bio Naturelle Anis Etoilée - 100 gr;1900;1900
Ami Barquette De Bouillon Epices - 60 Tablettes Crevettes - 10G;BoutiqueOfficielle;#VALUE!
Smiley Pack De 11 Couches - Taille 4 (9 - 18 Kg);1100;1100
Souplesse Huile d'Olive 100% Bio - 60 ml;1000;1000
Don Simon Jus D'orange - 20CL;275;275
Nespresso 10 Capsules - Capriccio - Espresso Classique;3500;3500
Generic Brûleur à Encens Electrique  - Doré;5000;5000
Generic neex kaani-puree de piment-200ml;1000;1000
Welsea Thon Alabacore à L'huile De Tournsesol 160g;BoutiqueOfficielle;#VALUE!
Nova Desodorisant Nova Fresh Lavande 500ml;1100;1100
Parmentier Sardine Piment 135g;1750;1750
Generic Packs de 10 Craie Outil tueur Insectes Rampant et cafards;2340;2340
Asevi Liquide Lessive ASEVI 2,850L - Rouge;9000;9000
Generic Éponge de bain article merveilleux;2790;2790
Café Royal 16 Capsules - Caramel - Compatible Avec Dolce Gusto;3000;3000
Café Royal 1 Paquet De 10 Capsules Guatémala - Compatible avec Nespresso - Arôme légèrement épicé;BoutiqueOfficielle;#VALUE!
WHITE LION POWER Power Boisson Energisante 250ml;5400;5400
Nutraline OTIVA Nutrition Healthy, bleu, vert, boîte 350G;2200;2200
Nutraline OTISPORT Nutrition Sportive, bleu, jaune, boîte 350G;2200;2200
Café Royal 1 Boîte De Café Royal Coffee Mild/Doux - Arôme Double Lungo - 100G;BoutiqueOfficielle;#VALUE!
Nutraline QUICKER OATS - Flocons d'avoine, sachet 600G, beige, marron clair;1250;1250
Generic Éponge de bain article merveilleux;2790;2790
Generic Sac de Rangement Bébé unisexe couchette - tricolore;18014;18014
Zena Piment Grain 100g;825;825
Bio Naturelle Grains de Fenouil - 100 Gr;3000;3000
Zena Boisson Bissap 1l;1750;1750
Nespresso Shanghai Lungo - World Explorations - 10 capsules;3700;3700
Generic Éponge de bain très doux;3390;3390
Doli Bouillon Epices - 10 Sachets - Crevettes - 75G;BoutiqueOfficielle;#VALUE!
Zena Boisson Tamarin 1l;1750;1750
Generic Sac de Rangement Bébé unisexe couchette meuve;19900;19900
Bio Naturel Pack de 6 Bouteilles en verre de Jus De Gingembre - Neex Gingembre - 250 ml;3000;3000
Nespresso 10 capsules - Scuro - Edition Barista;4300;4300
Nova Desodorisant Nova Fresh Intense 500ml;1000;1000
Ducros Men Poivre Noir Grain 90g;3525;3525
Generic Gants De Ménage et Lave-Vaisselle en Silicone - Multifonctionnel;3900;3900
Green Leaf PANNEAUX COLLANT POUR SOURIS ET RAT;490;490
Bio Naturel Pack de 6 Bouteilles en verre de Jus De Bouye - Neex Bouye - 250 ml;3000;3000
Nespresso Vienna Linizio Lungo - World Explorations - 10 capsules;3700;3700
Generic Lave Vitre Raclette + Bouteille Spray 400ml;5000;5000
Marrakech Jus 100% POMME 1L;1500;1500
Amora Ketchup - 280G;1600;1600
Generic Canapé-lit Gonflable Coulissant 2 Places + Gonfleur;100000;100000
Generic Pate d'arachide Gade gui '' 100% SENEGALAIS - 5KG;7000;7000
Panzani Vermicelles - 500G;1125;1125
Spaghettis Fins - 250G;325;325
Kangoo Bouteille De Sirop Grenadine - 880ML;BoutiqueOfficielle;#VALUE!
Zena Piment Grain 370g;1475;1475
Green Leaf 20 sachets Poudre de feuille verte antiparasitaire Lutte contre les cafards;4000;4000
Generic Huile de  (HABATOUSAWDA) - 60ml;2899;2899
Express Huile d'Olive 100% Bio - 60 ml;2100;2100
Generic Rodent Control Mice Poison Pellets. pour souris et rats 25 Paquets 20G;3490;3490
Generic PACK DE 5 SACHETS VERTOX POISONS POUR RATS / SOURIS;5750;5750
Generic Poudre de de kojic acid pour se blanchir rapidement effets secondaires 0%;1999;1999
Joker Jokoline Raisin Abc 1l;2055;2055
Nespresso Cap Town Envivo Lungo - World Explorations - 10 capsules;3700;3700
Adja Barquette De Bouillon Epices - 60 Tablettes Tomates - 10G;BoutiqueOfficielle;#VALUE!
Ducros Men Poivre Blanc Grain 100g;4300;4300
Bio Crème Extra Grossissante  akfine à l'extrait d'akpi, Fenugrec, Aguaje et Kigélia - 143 Gr;3999;3999
Yotox Insecticide Suractivé 520ML;1750;1750
Zena Boisson Baobab 1l;1750;1750
White Label Distributeur de savon Palm Brosse Évier Compartiment Savon Liquide Vaisselle Égouttoir Rack Brosse De Nettoyage;3900;3900
Café Royal 1 Paquet De 10 Capsules Guatémala - Compatible avec Nespresso - Arôme légèrement épicé;BoutiqueOfficielle;#VALUE!
Generic Charbon de bois ecologique - 4 kg;1200;1200
WHITE LION POWER Power Boisson Energisante 250ml;5400;5400
Nutraline OTISPORT Nutrition Sportive, bleu, jaune, boîte 350G;2200;2200
Nutraline OTIVA Nutrition Healthy, bleu, vert, boîte 350G;2200;2200
Nutraline QUICKER OATS - Flocons d'avoine, sachet 600G, beige, marron clair;1250;1250
Café Royal 1 Paquet De 16 capsules Caffe Grande -Compatibles avec Dolce Gusto;BoutiqueOfficielle;#VALUE!
White Label Distributeur de savon Palm Brosse Évier Compartiment Savon Liquide Vaisselle Égouttoir Rack Brosse De Nettoyage;3900;3900
Ducros Herbes Basilic 11g;1250;1250
Nova Lot de 3 Nova Desodorisant Nova Fresh Oud 500ml;3275;3275
Generic Pelle / Balayette PVC avec Bord - Petit Modèle;2500;2500
Generic Désodorisant concentré goutte à goutte Sufflor - 125 ml;4000;4000
Other Ambientador concentrée Alicia - 125 ml + 25ml Offert;1900;1900
Molfix MOLFIX JUMBO - Couches 3D Midi - Taille 3 (4-9 kg) - 72 Couches;8999;8999
FRESHY Savon Liquide Lave Main FRESHY Pêche 475ML;BoutiqueOfficielle;#VALUE!
FRESHY Savon Liquide Lave Main FRESHY SAVON DE MARSEILLE 475ML;BoutiqueOfficielle;#VALUE!
Autre Allumeur de charbon de bois;9990;9990
Original Nettoyant Désodorisant Sol - Asevi - 1 Litre;4000;4000
Vaporisateur 0,5L - Rose;1900;1900
Bonbons Gélifiés Miami Pik - 120G;1190;1190
Generic Couscous Fin 1Kg;1025;1025
Generic Kit de nettoyage d’écran - Ordinateur - Clavier - P;2690;2690
White Label Huile de Coco Pure 100% Naturelle -  400 ml;5899;5899
The Caramel 25 Sachets;1775;1775
Couches Nouveau-né T1 (2-5 kg) - 42 pièces - Violet;6600;6600
Sanpellegrino Bouteille 750 Ml - Sanpellegrino;1525;1525
Zena Pate D'arachide 370G;1125;1125
Generic Boîte de coton-tige, cure-dents, coton de maquillages en acrylique;7000;7000
Generic POUDRE INSECTICIDE POWER PACK DE 24 X 30GR;4800;4800
Adja Bol De Bouillon D'épices -Tomates - 1Kg;BoutiqueOfficielle;#VALUE!
Flash Nettoyant Germicide Antibacteriel Wc - 1L;1400;1400
Arix Lot De 5 Eponges Carrées - Vert;700;700
Hemani Huile de Coco Pure - 100% Naturelle - 400 ml;5000;5000
Generic Allumeur de charbon de bois électrique;14900;14900
Acasen Senegal Amandes Cajou Au Beurre Salées - 300g (50g x 6) - ACASEN;BoutiqueOfficielle;#VALUE!
Generic 4 potts cure dents ( Bois dur ) 400 pcs;1900;1900
Generic Brosse de nettoyage toilette multifonction;2500;2500
Hemani Huile de Coco Pure 100% Naturelle - 400ML;4300;4300
Generic Plateau en plastique rectangulaire PM ,  décoratifs pour aliments ou pour petit déjeuner CA820534 38x24cm;2500;2500
Generic Ambientador Amalfi Goute a Goute fraicheur : Rosas - 125 ml;4400;4400
Ducros Epices Piment Doux Moulu 40g;1525;1525
Green Leaf 12 sachets Poudre de feuille verte antiparasitaire Lutte contre les cafards;1690;1690
Generic PACK DE 25 POISONS POUR RATS / SOURIS;3750;3750
Generic HUILE ESSENTIELLE POUR SEINS-30ml;4000;4000
Generic Brûleur d'encens à refoulement Creative / plus 40 cone;6500;6500
Ducros Ketchup Top Down 560g;1700;1700
Set Complet Seau + Essoreuse + Fra;3300;3300
Nutraline OTIVA Nutrition Healthy, bleu, vert, boîte 350G;2200;2200
Nutraline OTIVA Nutrition Healthy, bleu, vert, boîte 350G;2200;2200
Café Royal 1 Paquet De 16 Capsules Decaffeinato compatible avec Dolce Gusto;BoutiqueOfficielle;#VALUE!
Nutraline OTIKIDS Nutrition Jeunesse, rouge, jaune, crocodile;1850;1850
Café Royal 1 Paquet de 10 capsules Espresso Forte compatibles avec Nespresso - Arôme fruité;BoutiqueOfficielle;#VALUE!
Nutraline QUICKER OATS - Flocons d'avoine, sachet 600G, beige, marron clair;1250;1250
Café Royal 1 Paquet De 16 capsules Caffe Grande -Compatibles avec Dolce Gusto;BoutiqueOfficielle;#VALUE!
Nutraline OTISPORT Nutrition Sportive, bleu, jaune, boîte 350G;2200;2200
Nutraline OTIVA Nutrition Healthy, bleu, vert, boîte 350G;2200;2200
Generic Pelle / Balayette PVC avec Bord - Petit Modèle - Vert -  CA820611;BoutiqueOfficielle;#VALUE!
Nespresso Ethiopia - Master Origin - 10 capsules;3700;3700
Nettoyant Lave Vaisselle 2En1 Détartre & Dégraisse - 250ML;900;900
Macédoines De Légumes - 5 Légumes - 400g;715;715
"Generic Paquet De Thé Vert ""El Hadji"" - 200G";BoutiqueOfficielle;#VALUE!
Wash Nicely CARTON 8 UNITÉS LESSIVE CAPSULE DOUBLE ACTION X 26;36000;36000
Generic Café instantané '' EQUILIBRE '' aux noyaux dattes - 100 Grs;1000;1000
Generic Lot de 5 Éponges à Vaisselle - Multicolore;5000;5000
Nova Desodorisant Nova Fresh Fraise  500ml;1000;1000
Canbebe Couches pour bébé 4e âge - Paquet de 32 - Canbebe;4125;4125
Generic Ambiantador Frutos Rojos - 500ml;4900;4900
Arôme zone Nicer Dicer - Découpe Légumes et Fruits - Vert;9000;9000
Generic Encensoir Electrique - Sphère;4900;4900
Generic Paquet - 20 Sachets Poubelle - 100 Litres - Noir;4000;4000
Generic Ambientador Amalfi - Gouttes à gouttes - Fraicheur Pin - 125 ml;1900;1900
Café Royal 1 Boîte De Bûchettes De Sucre Café Royal  - 1000 Pièces - 4G;BoutiqueOfficielle;#VALUE!
Generic Planche à Découper en Bois - - Bambou + 1 Rouleau de Pâtissier;3500;3500
Generic Allume Gaz - Tige Fixe - Rechargeable;1500;1500
White Label allume gaz sans recharge;2400;2400
Original Encensoir Electrique Avec Naseem Thiouraye Bakhour;13000;13000
Flora Mouchoirs Compact 30 x 10;15000;15000
Generic Gants De Ménage et Lave-Vaisselle en Silicone - Multifonctionnel;3200;3200
Autre Diffuseur d'Huiles Essentielles - Aromathérapie - Humidificateur;20000;20000
Original Encensoir Electrique Avec Naseem Thiouraye Bakhour Sadaat et Amani by Naseem.;18000;18000
Valda Pastilles Valda Saveur Tamarin -;2290;2290
Acasen Senegal Amandes Cajou Sans Sel - 300g (50g x 6) - ACASEN;4770;4770
Sensations Cacao 100% Poudre de cacao foncée 250g;1650;1650
Softcare Paquet de Couches - 28 Pièces - 3ème Age;3500;3500
Valda Pastilles Valda Saveur Fraise - 60g;2290;2290
Generic 6 Packs De 2 Éponges de Nettoyage - Vert/Jaune;2490;2490
OCEAN PRIDE Miettes De Crabes 1/4;2025;2025
Green Leaf PACK 8 PANNEAUX COLLANT POUR SOURIS ET RAT;2900;2900
Generic Brûleur d'encens à refoulement Creative / Ornement de refoulement en céramique Brillance noire en céramique;11800;11800
Molfix - Couches 3D Maxi taille 4 (7-18 kg) 32 couches;5000;5000
Generic Anis Etoilée - 100 gr;3000;3000
Generic Charbon de bois ecologique - 4 kg;1200;1200
Generic 5pcs accessoires bain pour bébé babyset;56000;56000
FRESHY Savon Liquide Lave Main FRESHY Menthe 475ML;BoutiqueOfficielle;#VALUE!
Countre Lait UHT Vanille - 50CL;1025;1025
Esteval Jus naturel de bouye - 1 litre - Esteval;1250;1250
Café Royal 1 Paquet de 10 Capsules Agent's Choice compatible avec Nespresso- Arôme fruité;BoutiqueOfficielle;#VALUE!
WHITE LION POWER Power Boisson Energisante 250ml;5400;5400
Nutraline OTIVA Nutrition Healthy, bleu, vert, boîte 350G;2200;2200
Café Royal 1 Paquet de 10 capsules Espresso Forte compatibles avec Nespresso - Arôme fruité;BoutiqueOfficielle;#VALUE!
Nutraline OTISPORT Nutrition Sportive, bleu, jaune, boîte 350G;2200;2200
Café Royal 1 Paquet De 16 Capsules Decaffeinato compatible avec Dolce Gusto;BoutiqueOfficielle;#VALUE!
Nutraline QUICKER OATS - Flocons d'avoine, sachet 600G, beige, marron clair;1250;1250
Esteval Jus naturel de bouye - 1 litre - Esteval;1250;1250
Joker Nectar Multivitaminé 2l;2745;2745
Esteval Jus de gingembre - 1 litre - Esteval;1250;1250
Bravo Jus d'Orange - 1L;1550;1550
WHITE LION POWER Power Boisson Energisante 250ml;5400;5400
Nespresso 10 Capsules - Arpeggio - Inspirazione Italiana;3300;3300
Zena Boisson Mangue 1l;1750;1750
Joker Bouillon Epices - 10 Sachets - Super - 75G;BoutiqueOfficielle;#VALUE!
Esteval Cocktail de fruit (bouye, bissap, coco) - 1 litre - Esteval;1500;1500
Café Royal 1 Boîte De Café Royal Coffee Mild/Doux - Arôme Double Lungo - 100G;BoutiqueOfficielle;#VALUE!
Destello Gel Nettoyant Salle de Bain - Fraîcheur Citron - 750 mL;2600;2600
MOURAFA Thiéré Sans Lalo – 400G;575;575
Smiley Couches Bébé Taille 3 (5 - 10Kg), Pack Eco, 88 Couches;BoutiqueOfficielle;#VALUE!
Generic Pelle / Balayette PVC avec Bord - Petit Modèle - Rouge;1100;1100
Generic Cuvette WC Désodorisant Gel Océan 36 ml;2000;2000
Generic Laveur automatique de brosse de nettoyage de cuisine en plastique;2990;2990
Softcare Paquet de Couches - 32 Pièces - 2ieme Age;4900;4900
H2 Store PACK Différentes Cartes Parfumées en Silicone X 96;159400;159400
Generic Brosse + Pelle à Poussière - Plastique - Vert;1150;1150
Zena Boisson Bouye 20cl;525;525
Joker Bouillon Epices - 10 Sachets - Tomates - 75G;BoutiqueOfficielle;#VALUE!
Bravo Bravo Pomme 2l - Bravo;2610;2610
Acasen Senegal Amandes Cajou Nature Salées - 300g (50g x 6) - ACASEN;BoutiqueOfficielle;#VALUE!
Generic Éponge 2 in 1 pièces de bain très doux B;2500;2500
Generic Carton de 10 Sachets Café Touba Moulu - 100% Locale;20000;20000
Valda Pastilles Valda Saveur Gingembre -;2290;2290
Doli Barquette De Bouillon Epices - 60 Tablettes Tomates - 10G;BoutiqueOfficielle;#VALUE!
Generic Eponge à Récurer en Acier Inoxydable - Tampon Métallique - 12 Pcs;2500;2500
Generic Désodorisant Concentré pour WC - 125 ml;3900;3900
Doli Bouillon Epices - 10 Sachets - Poulet - 75G;BoutiqueOfficielle;#VALUE!
Generic Get Tol - Lot de 3 Spray désinfectant Multi-usage - Poignet de porte, de voiture, rampe d'escalier, téléphone - Marron;5600;5600
Generic Ambientador Amalfi - Gouttes à gouttes - Floral - 125 ml;4400;4400
Nespresso 10 Capsules - Napoli - Inspirazione Italiana;3500;3500
Generic Ensemble de Nettoyage d’Ecran ordinateur, téléphone, lunette et appareils ménagers;3500;3500
Generic Senteur Concentré pour WC  FORESAN - 125 ml;2590;2590
Generic Sac de Rangement Bébé unisexe et couchette - bleu;17000;17000
Generic Désodorisant TOILLETTE Concentré Foresan Deluxe - 100 ml;3000;3000
Barilla Maccheroni 500g - Barilla;1115;1115
Bio Crème Extra Grossissante Fenugrec;3900;3900
Generic Cafe Touba Gade Gui 10KG;30680;30680
Generic Balai Magique et Seau essoreuse 360°;12000;12000
Nutraline OTIVA Nutrition Healthy, bleu, vert, boîte 350G;2200;2200
WHITE LION POWER Power Boisson Energisante 250ml;5400;5400
Café Royal 1 Paquet De 16 capsules Caffe Grande -Compatibles avec Dolce Gusto;BoutiqueOfficielle;#VALUE!
Nutraline OTISPORT Nutrition Sportive, bleu, jaune, boîte 350G;2200;2200
Generic Charbon de bois ecologique - 4 kg;1200;1200
Café Royal 1 Paquet De 16 Capsules Decaffeinato compatible avec Dolce Gusto;BoutiqueOfficielle;#VALUE!
Nutraline QUICKER OATS - Flocons d'avoine, sachet 600G, beige, marron clair;1250;1250
Generic Balai Magique et Seau essoreuse 360°;12000;12000
Generic Carton de 10 Sachets Café Touba Moulu - 100% Locale;40000;40000
Express Huile d'Olive 100% Bio - 60 ml;1800;1800
Zwan Luncheon Boeuf 200g;1475;1475
Don Simon Jus Pomme - 20CL;275;275
Generic Charbon Pour Chicha et Encens;9000;9000
Moutarde En Verre 850g;1690;1690
Couches Baby - Taille 4 (8-18 kg) - 27 pièces - Violet;6600;6600
Ducros Herbes Thym 14g;1550;1550
Ducros Herbes Laurier 24g;1350;1350
Zwan Luncheon Poulet 200g;1475;1475
Green Leaf PACK 6 PANNEAUX COLLANT POUR SOURIS ET RAT;2450;2450
Generic Désodorisant à spray Belair;1475;1475
Express Huile d'Olive 100% Bio - 60 ml;2010;2010
FRESHY Savon Liquide Lave Main FRESHY Miel 475ML;890;890
Generic Désodorisant , Diffuseur de parfum - Citron;2900;2900
Saba Lessive en Poudre  - 425g;650;650
Baygon Insecticide Vaporisateur - 300ml;1800;1800
Generic Lot de 480 soie dentaires( protection hygiène des dents);3990;3990
Generic Nettoyant de tenue de travail - 500 ml - Climax;1000;1000
Fruitales - PUREE DE FEUILLES DE BISSAP 190g;1250;1250
Generic Gants De Ménage et Lave-Vaisselle en Silicone - Multifonctionnel - Vert;4000;4000
Generic Charbon Pour Encens et  Chicha;4000;4000
"Airwick Difuseur Automatique ""Air Baby""";BoutiqueOfficielle;#VALUE!
Generic Presse-Citron - Inox moyen;1900;1900
Generic Nettoyant Désodorisant Sol - Asevi - 1 Litre;3900;3900
White Label Balai Magique et Seau Essoreur - Vert;9000;9000
Original Encensoir Electrique Avec Naseem Thiouraye Bakhour Sadaat et Amani by Naseem.;13500;13500
Generic Désodorisant concentré goutte à goutte Sufflor - 125 ml;1275;1275
Generic Film Alimentaire - multifonction 200pièces;4900;4900
Generic Get Tol - Lot de 3 Spray désinfectant Multi-usage -750 ml;14800;14800
Generic Tapis De Prière de Poche Avec Boussole Noir;3500;3500
Generic Ambientador Amalfi - Gouttes à gouttes - Fraicheur Pino - 125 ml;4400;4400
Generic Rodenticide10 Paquets 20G poison de rat de rodenticide de racumine;3900;3900
Generic Diffuseur d'Huiles Essentielles - Aromathérapie - Humidificateur;12000;12000
Generic Kit de nettoyage tv ,ordinateur, téléphone;3500;3500
Couches Junior Extra T6 (+16 kg) - 18 pièces - Violet;6600;6600
Tijinou Pack 32 couches 6/11 kg;BoutiqueOfficielle;#VALUE!
Generic PACK DE 25 POISONS POUR RATS / SOURIS;4750;4750
Generic Brosse à Laver - Monture Bois - Violon Polypropylène - Bleu;850;850
Generic 10  sachets Poudre de feuille verte antiparasitaire Lutte contre les cafards;5000;5000
Café Royal 1 Paquet De 16 Capsules Decaffeinato compatible avec Dolce Gusto;BoutiqueOfficielle;#VALUE!
Nutraline OTISPORT Nutrition Sportive, bleu, jaune, boîte 350G;2200;2200
Café Royal 1 Paquet de 10 capsules Espresso Forte compatibles avec Nespresso - Arôme fruité;BoutiqueOfficielle;#VALUE!
WHITE LION POWER Power Boisson Energisante 250ml;5400;5400
Generic Charbon de bois ecologique - 4 kg;1200;1200
Nutraline QUICKER OATS - Flocons d'avoine, sachet 600G, beige, marron clair;1250;1250
Café Royal 16 Capsules - Caramel - Compatible Avec Dolce Gusto;3000;3000
Generic 10  sachets Poudre de feuille verte antiparasitaire Lutte contre les cafards;5000;5000
Esteval Jus naturel de bissap - 1 litre - Esteval;1250;1250
Generic 4 X Paquets De Camphre - Protecteur élimination des odeurs - Résistant aux insectes;3300;3300
Couches Bébé - Prématurés - Taille 0 - ( -2 kg) - Violet;6600;6600
Generic POUDRE INSECTICIDE POWER PACK DE 24 X 30GR;6400;6400
Sanpellegrino Bouteille 250 Ml - Sanpellegrino;800;800
Generic Kit Seau + Essoreur + Serpillière;7000;7000
Generic 5 pcs Éponge  gomme magique de nettoyage Scrub éponge enlever les taches tenaces et Mark Aspirateur pour produit chimique;2900;2900
Gizmo Pack Maxi 36 Couches Pour Bébé 9-18 kg;3920;3920
Generic Planche à Découper en bois - Bambou;3100;3100
Generic POUDRE ANTi - CAFARD / INSECTE ...PACK DE 50 SACHETS DE 20GR;14500;14500
Generic PACK 25 sachets Poudre INSECTICIDE  de feuille verte;2100;2100
Universal Magic Microfiber Noodle Dust Mop Telescoping Pole Floor Easy Clean Rotating Head;Expédiédepuisl'étranger;#VALUE!
Generic Pelle et Balayette - Plastique - Bleu;2000;2000
Generic Bruleur d'encens électrique - Argenté;3900;3900
POWER HITS Boisson Energisante 250ml;6400;6400
Generic Allumeur de charbon de bois électrique;16710;16710
Generic Poudre Souye Balai - 25G;3900;3900
Tabasco Tabasco Rouge 60ml;3250;3250
Generic Mini Brûleur d'encens à Charbon en céramique  -gris;8200;8200
Generic Packs de 8 Craie Outil tueur Insectes Rampant et cafards;1920;1920
Generic Sac de Rangement Bébé - gris;14900;14900
Generic Film Alimentaire - 20m - 100 pièces;1950;1950
Couches Bébé - Taille 2 (3-6 kg) - 38 pièces - Violet;6600;6600
Generic Tapis De Prière de Poche Avec Boussole Noir;3500;3500
Generic Beignet précuits AKARA - Marron;5000;5000
Zwan Luncheon Boeuf 340g;2150;2150
Generic Encensoir Electrique - Sphère;4900;4900
Bio Naturelle Mélange de 7 Épices - 75 gr;1750;1750
Bassy Préparation beignets de mil - GNONMI - 3 sachets de 430g - Bassy;2000;2000
Couches T3 (5-9 kg) -72 pièces BIGPACK - Violet;13800;13800
Generic Éponge 2 in 1 de bain très doux OG;2500;2500
Esteval Cocktail de fruit (bouye, bissap, coco) - 25 cl - Esteval;450;450
Generic Lot de Kit de Nettoyage d'Ecran TV LCD 3 en 1 - Pour Ordinateur de Bureau - Portable - Caméra Numérique - Clavier;2870;2870
Generic 6 Packs Craie Outil tueur Insectes Rampant et cafards;1490;1490
Esteval Jus naturel de tamarin - 25 cl - Esteval;350;350
Lu Biscuits Prince Fourrés Vanille - 60G;350;350
Generic Cuisine paume plat brosse avec la vaisselle jusqu'à savon distributeur;3000;3000
Generic Film Alimentaire - 20m - 100 pièces;1790;1790
Couches Junior Extra T6 (+16 kg) - 54 pièces - Violet;13800;13800
WHITE LION POWER Power Boisson Energisante 250ml;5400;5400
Café Royal 1 Boîte De Café Royal Coffee Mild/Doux - Arôme Double Lungo - 100G;BoutiqueOfficielle;#VALUE!
Nutraline OTIVA Nutrition Healthy, bleu, vert, boîte 350G;2200;2200
Café Royal 1 Paquet De 16 Capsules Decaffeinato compatible avec Dolce Gusto;BoutiqueOfficielle;#VALUE!
Nutraline OTISPORT Nutrition Sportive, bleu, jaune, boîte 350G;2200;2200
Generic Charbon de bois ecologique - 4 kg;1200;1200
Nutraline QUICKER OATS - Flocons d'avoine, sachet 600G, beige, marron clair;1250;1250
Café Royal 1 Boîte De Café Royal Coffee Aggloméré - Arôme Corsé - 200G;BoutiqueOfficielle;#VALUE!
Bassy Préparation beignets sucrés - GBOFLOTO - 3 sachets de 325g - Bassy;2000;2000
Perrier Bouteille 33cl;825;825
Nova Lot de 3 Nova Desodorisant Nova Fresh Fraise  500ml;3100;3100
Generic Brûleur à Encens Electrique - Bronze;5900;5900
Green Leaf 12 sachets Poudre de feuille verte antiparasitaire Lutte contre les cafards;2900;2900
Couches Nouveau-né - T1 (2-5 kg) - 6 x 42 pièces - Bleu;38000;38000
Green Leaf 6 sachets Poudre de feuille verte antiparasitaire Lutte contre les cafards;2000;2000
Generic Pelle / Balayette PVC avec Bord - Petit Modèle;1200;1200
Bio Naturelle Thym Sec - 100 gr;2590;2590
Lesieur Huile Végétale - 3L;5225;5225
Generic POUDRE INSECTICIDE CANYE MULTIFONCTIONS 100g;1400;1400
Generic Balai Magique et Seau essoreuse 360°;9000;9000
Nova Desodorisant Nova Fresh  fraicheur  500ml;1200;1200
Nutraline OTIKIDS Nutrition Jeunesse, rouge, jaune, crocodile;1850;1850
Couches Bébé - Taille 3 (5-9 kg) - 32 pièces - Violet;6600;6600
Generic Lot de 12 Éponges de Nettoyage - Vert/Jaune;2590;2590
Generic 12 sachets vitfé Poudre insecticide de feuille verte;1680;1680
Generic Ambientador Amalfi - Gouttes à gouttes - Floral - 125 ml;2000;2000
Style Essuie Tout Jumbo 500 feuilles;2150;2150
Generic Kit de Nettoyage d'Ecran TV LCD 3 en 1 - Universelle;2090;2090
Generic Lot de 6 Éponges à Récurer - Acier Inoxydable - Tampon Métallique;2000;2000
Generic 2 piecesTrapcoll Piège à colle pour rongeurs et rats 135grs;3900;3900
Esteval Jus naturel de tamarin - 1 litre - Esteval;1250;1250
Hemani Huile pour peau de Coco concentré et  Pure - 100% Naturelle - 400 ml;2500;2500
Osanis Nettoyant Anti Traces Vitres Et Ecrans - 500ML;3000;3000
Ultra Compact Nettoyant vitres : 500 ml;2100;2100
Green Leaf PACK 4 PANNEAUX COLLANT POUR SOURIS ET RAT;1900;1900
Nespresso Ristretto Decaffeinato - Inspirazione Italiana - 10 capsules;4000;4000
Bassy Préparation beignets salés jaunes- JAUNE JAUNE- 2 sachets de 250g - Bassy;2000;2000
Haricots Blancs - 400G;690;690
Bassy Préparation beignets sucrés plats - TRATRA- 3 sachets de 325g - Bassy;2000;2000
Generic Kafimana - lave vaisselle - 1Litre;2400;2400
Hitachi Distributeur automatique de gel hydroalcoolique et savon liquide;37000;37000
Generic Sac de Rangement Bébé - Rose fusha;9879;9879
Esteval Jus naturel de gingembre - 25 cl - Esteval;350;350
White Label Distributeur automatique de gel hydroalcoolique et savon liquide;29900;29900
Generic Plat en plastique pour hot dog et viande;BoutiqueOfficielle;#VALUE!
Generic Lave Vitre Raclette + Bouteille Spray 400ml;1500;1500
Anti-Calcaire En Gel 3 En 1 - 750ML;5170;5170
Soléa Eau Gazeuse - 0.5L;185;185
Generic Nutrasel sel Complet Fonctionnel - 250grs;2200;2200
Nutraline OTIKIDS Nutrition Jeunesse, rouge, jaune, crocodile;1850;1850
Nutraline OTIVA Nutrition Healthy, bleu, vert, boîte 350G;2200;2200
Café Royal 1 Boîte De Café Royal Coffee Aggloméré - Arôme Corsé - 200G;BoutiqueOfficielle;#VALUE!
Café Royal 1 Paquet De 16 Capsules Decaffeinato compatible avec Dolce Gusto;BoutiqueOfficielle;#VALUE!
Nutraline QUICKER OATS - Flocons d'avoine, sachet 600G, beige, marron clair;1250;1250
WHITE LION POWER Power Boisson Energisante 250ml;5400;5400
Nutraline OTISPORT Nutrition Sportive, bleu, jaune, boîte 350G;2200;2200
Generic Nutrasel sel Complet Fonctionnel - 250grs;2200;2200
Generic POUDRE INSECTICIDE MULTIFONCTIONS;2800;2800
Bio Crème Extra Grossissante  à l'extrait d'Akpi, - 200 Gr;4299;4299
Osanis Nettoyant Dégraissant Concentré Multiusages - 1 Litre;4875;4875
Generic Poêle Professionnelle ETNA  Sans PFOA - 24cm 042284;9990;9990
Nova Desodorisant Nova Fresh Oriental bakhour  500ml;1000;1000
Generic Kit de Nettoyage d'Ecran TV LCD 3 en 1 - Pour Ordinateur de Bureau - Portable - Caméra Numérique - Clavier;2190;2190
Generic Get Tol - Lot de 3 Spray désinfectant Multi-usage - Poignet de porte, de voiture, rampe d'escalier, téléphone - 750 ml;15000;15000
Smiley Couches Bébé, Taille 5 (15-25 Kg), 68 Couches;6990;6990
"Generic Eplucheur de pomme ""Apple Peeler"" - Vert Blanc";7000;7000
Bio Naturelle Poivre Blanc - 100 Gr;5000;5000
Generic Kafimana - EAU DE JAVEL - 1Litre;2400;2400
Generic lot Brosse à Laver - Monture Bois - Violon Polypropylène -;10000;10000
Esteval Jus naturel de bouye - 25 cl - Esteval;350;350
Esteval Jus naturel de bissap - 25 Cl - Esteval;350;350
Nova Désodorisant Nova Fresh Oriental bakhour - 500 ml;1000;1000
Generic Brûleur d'Encens Moderne avec support en bois - Doré;15000;15000
Generic planche en Bambou - Beige pour découper les légumes et fruits;10000;10000
Generic PACK 4 POUDRE INSECTICIDE  MULTIFONCTIONS 30gX4;1600;1600
Generic 6 Packs De 2 Éponges de Nettoyage - Vert/Jaune;2500;2500
Sivop 2 pieces Trapcoll Piège à colle pour rongeurs et rats 135grs;1700;1700
Generic Distributeur Automatique - de Gel Hydroalcoolique et Savon Liquide;30000;30000
Generic Caisse de 12 bouteilles de Javel - 12 x 1L - Dierry;4200;4200
Nova Lot de 3 Nova Desodorisant Nova Fresh Intense 500ml;3275;3275
Generic Encens Electrique Sphère  - Argent;7950;7950
Smiley Couches Bébé, Taille 5 (15-25 Kg), 34 Couches;4100;4100
Generic Lave vitre magnétique double face;9000;9000
Generic Distributeur Automatique de Cure-dents en Alliage de zinc;5000;5000
Generic Get Tol - Spray désinfectant Multi-usages -;2250;2250
Generic PACK DE 12 POUDRE D'Insecticide de 30G;3300;3300
Generic Boules de cerf naturelles de camphre 100g;2400;2400
Generic Couches Bébé Taille 3 (5 - 10Kg), Pack Eco, 88 Couches;9400;9400
Generic Kit de Nettoyage d'Ecran TV LCD 3 en 1 - Pour Ordinateur de Bureau - Portable - Caméra Numérique - Clavier;2900;2900
Generic pack de 12 cartouches de copeaux '' Taf taf '';1500;1500
Generic Kafimana - Desinfectant - 1Litre;2400;2400
Nova Desodorisant Nova Fresh Oud 500ml;1200;1200
Generic Ensemble Pelle + Balai - Plastique - Bleu;2000;2000
Generic Diffuseur de Parfum;10000;10000
Generic PACK 24 POUDRE INSECTICIDE  MULTIFONCTIONS 30gX24;4800;4800
Nova Desodorisant Nova Fresh Fraicheur  500ml;1000;1000
Café Royal 1 Paquet De 16 Capsules Decaffeinato compatible avec Dolce Gusto;BoutiqueOfficielle;#VALUE!
Café Royal 1 Paquet De 16 capsules Caffe Grande -Compatibles avec Dolce Gusto;BoutiqueOfficielle;#VALUE!
WHITE LION POWER Power Boisson Energisante 250ml;5400;5400
Nutraline OTIVA Nutrition Healthy, bleu, vert, boîte 350G;2200;2200
Nutraline OTISPORT Nutrition Sportive, bleu, jaune, boîte 350G;2200;2200
Generic Charbon de bois ecologique - 4 kg;1200;1200
Café Royal 1 Boîte De Café Royal Coffee Aggloméré - Arôme Corsé - 200G;BoutiqueOfficielle;#VALUE!
Nutraline QUICKER OATS - Flocons d'avoine, sachet 600G, beige, marron clair;1250;1250
Generic Dégraissant Spray - Laidy - 750 ml;5000;5000
Generic Brûleur à Encens Electrique  - Doré;6900;6900
Green Leaf PACK 12 PANNEAUX COLLANT POUR SOURIS ET RAT;3950;3950
Generic PACK 4 POUDRE INSECTICIDE SMS  / PUNAISE DE LIT;1700;1700
Saba Paquet Savon SABA multi usage 18pc;9000;9000
Generic Désodorisant à spray Belair;2500;2500
White Label Couches BELLA Happy T5 (12-25 kg), 21 pièces;6600;6600
Generic Poudre de nigelle (habatousawda) 1kg;8300;8300
Generic 10 pcs Éponges de Nettoyage Multi Usages;3990;3990
Generic Film Alimentaire -;1900;1900
Generic Kit de Nettoyage d’Ecran  - Handboss - 200 ML;4900;4900
Elhikma Huile de Coco Pure Concentré -;3500;3500
Klindo Nettoyeur de vitres;18000;18000
Couches Baby T4+ (9-20 kg) - 25 Pièces;6600;6600
Generic Piège pour tué les souris et rats;750;750
Présséa Fresh Boisson Mangue/Coco - 1L;590;590
Nova Fresh - Parfum de Chambre - Fraicheur Bleue - 500 ml;1000;1000
Linguère Double Concentré De Tomates - 350G;560;560
Generic Miel 100% Naturel 450g;3000;3000
Generic POUDRE INSECTICIDE  / PUNAISE DE LIT;490;490
Generic Balai Superclean Microfibre /Essorage Twist;3900;3900
Generic Pelle à Poussière avec Brosse Rigide - Rose;1690;1690
Generic Ensemble Pelle plus  balai en  pastique - Bleu;2500;2500
Nettoyant Lave Vitre - 1L;1090;1090
Aquaterra Eau Minérale - 0.6L;200;200
Racines Infusions De Gingembre - 25 Sachets;2750;2750
Yotox Pompe Insecticide - 520ML;990;990
Ecoplanet Liquide Vaisselle Menthe & Romarin - 750ML;1700;1700
Mix Mangue Coco - 33Cl;275;275
Infusion Verveine Tilleul Camomille Nuit Tranquille Elephant - 25 Sachets;2350;2350
Sauce Blanche - 350ML;2200;2200
Maestro Cookies Choco 100G;790;790
Calvé Pot De Mayonnaise - 225ML;1000;1000
Lay'S Chips Saveur Fromage Lays - 145G;2096;2096
Lay'S Chips Saveur Nature - 75G;1190;1190
Ducros Vinaigre D'Alcool Blanc - 1L;810;810
Nova Desodorisant Nova Fresh Rose  500ml;1100;1100
Nova Desodorisant Nova Fresh Oud 500ml;1000;1000
Nova Lot de 3 Nova Desodorisant Nova Fresh Fraicheur  500ml;3250;3250
Nova Désodorisant Fresh Fraise - 500 ml;1000;1000
Café Royal 1 Paquet De 16 capsules Caffe Grande -Compatibles avec Dolce Gusto;BoutiqueOfficielle;#VALUE!
Nutraline OTIVA Nutrition Healthy, bleu, vert, boîte 350G;2200;2200
Café Royal 1 Paquet De 10 Capsules Guatémala - Compatible avec Nespresso - Arôme légèrement épicé;BoutiqueOfficielle;#VALUE!
Nutraline OTISPORT Nutrition Sportive, bleu, jaune, boîte 350G;2200;2200
WHITE LION POWER Power Boisson Energisante 250ml;5400;5400
Café Royal 1 Boîte De Café Royal Coffee Mild/Doux - Arôme Double Lungo - 100G;BoutiqueOfficielle;#VALUE!
Generic Charbon de bois ecologique - 4 kg;1200;1200
Nutraline QUICKER OATS - Flocons d'avoine, sachet 600G, beige, marron clair;1250;1250
Nova Lot de 3 Nova Desodorisant Nova Fresh Oud 500ml;3100;3100
Generic HUILE ESSENTIELLE POUR SEINS-30ml;4000;4000
Generic HUILE ESSENTIELLE POUR SEINS-30ml;4000;4000
Generic HUILE ESSENTIELLE POUR SEINS-30ml;4000;4000
Generic Pack de 4 Pots de Cure Dents ( Bois dur ) - 400 pcs;1900;1900
Firdaws Agrandir les seins, fesses et la hanche 125ml;9500;9500
Generic Gants De Ménage et Lave-Vaisselle en Silicone - Multifonctionnel;2900;2900
Autre Allumeur de charbon de bois;8000;8000
Green Leaf PACK 10 PANNEAUX COLLANT POUR SOURIS ET RAT;3450;3450
Osanis Nettoyant Désinfectant Multisurfaces - 500ML;3700;3700
Sokany gaufrier et machine à sandwich 3 en 1;21500;21500
Bio Huile de chébé du Tchad pour cheveux 30ml;5000;5000
Couches Bébé - T5 (12-25 kg) - 58 pièces BIGPACK - Violet;13800;13800
Bio Crème Extra Grossissante AKPI 143Gr;3900;3900
Autre Désinfecteur D'air Intelligent;12900;12900
Generic Pack de 10 Éponges;4900;4900
Molfix JUMBO - Couches 3D Midi - Taille 3 (4-9 kg) - 72 Couches;11000;11000
Generic Kit de nettoyage tv ,ordinateur, téléphone;3900;3900
Generic Brosse à Récurer avec Distributeur de Savon;2900;2900
Generic Brûleur d'Encens Electrique - Argenté;7300;7300
Original Encensoir Electrique Avec Naseem Thiouraye Bakhour Sadaat et Amani by Naseem.;10900;10900
Eau Minérale Kirène - 1.5L;190;190
Gloria Stick De Lait Entier Concentré Non Sucré - Format Liquide - 29G;100;100
Don Simon Jus D'Orange - 20Cl;300;300
Lido Oignons Blancs - 72Cl;1290;1290
Generic 10 pcs Éponges de Nettoyage Multi Usages;3899;3899
Autre Gaufrier et Machine à Sandwich 4 en 1;25000;25000
SteriZar Désinfectant et nettoyant pour surface dures;4000-22000;#VALUE!
Parexgroup BROSSE DE TOILETTE AVEC POCHE DE REMPLISSAGE LIQUIDE;1890;1890
Parexgroup BROSSE DE TOILETTE AVEC POCHE DE REMPLISSAGE LIQUIDE;2190;2190
SteriZar Nettoyant, désinfectant pour sols - Steri49 plus, solution concentré;60000;60000
SteriZar Lingettes désinfectantes multi-surface - sans alcool;12000;12000
Other Allumeur de charbon de bois électrique;9500;9500
Other Lampe Anti moustique Insecte électrique;8000;8000
Madar 1kg;2500;2500
Generic LAMPE TORCHE POCHE 4 MODE;5900;5900
Autre Gaufrier et Machine à Sandwich 3 en 1;20500;20500
Autre Grille-pain Toaster électrique 2 fentes -;15000;15000
Generic Allumeur de charbon de bois électrique;9000;9000
Anita Laurier 50g - Anita;490;490
Café Royal 1 Boîte De Café Royal Coffee Mild/Doux - Arôme Double Lungo - 100G;BoutiqueOfficielle;#VALUE!
WHITE LION POWER Power Boisson Energisante 250ml;5400;5400
Café Royal 1 Paquet De 16 Capsules Decaffeinato compatible avec Dolce Gusto;BoutiqueOfficielle;#VALUE!
Nutraline OTIVA Nutrition Healthy, bleu, vert, boîte 350G;2200;2200
Nutraline QUICKER OATS - Flocons d'avoine, sachet 600G, beige, marron clair;1250;1250
Generic Charbon de bois ecologique - 4 kg;1200;1200
Café Royal 1 Paquet De 16 capsules Caffe Grande -Compatibles avec Dolce Gusto;BoutiqueOfficielle;#VALUE!
Nutraline OTISPORT Nutrition Sportive, bleu, jaune, boîte 350G;2200;2200
Prince Biscuits Au Chocolat;90;90
White Label Lampe Aspirateur Anti  Moustique électrique couleur blanche;8990;8990
Café Royal 1 Paquet De Café Royal Caramel - Arôme Caramel - 10 Capsules;BoutiqueOfficielle;#VALUE!
Generic SEAU avec robinet 17l;5500;5500
Generic Rodirat anticoagulants pour souris et rats - 80G;1290;1290
Generic Brosse De Nettoyage Automatique 3 En 1 Ramasse Miette;6920;6920
Generic Planche à Découper en Bois - Bambou + 1 Rouleau de Pâtissier;2900;2900
Generic Brûleur d'Encens Electrique - 40W - Doré;3381;3381
Generic Anti-Moustique anti-insecte lampe led ultra violé;13900;13900
Generic Pack de 10 éponges dures - Multicolore CA820071;BoutiqueOfficielle;#VALUE!
Generic Bloc WC Eau - 6 Pièces - Bleu;6000;6000
Generic Lot de 10 Éponges à Vaisselle - Multicolore CA820071;BoutiqueOfficielle;#VALUE!
Generic HUILE ESSENTIELLE POUR SEINS-30ml;1999;1999
Generic Pelle à Poussière avec Brosse Rigide - Bleu 2in1;1690;1690
Generic Lingettes Nounou;1000;1000
Nutraline QUICKER OATS - Flocons d'avoine, sachet 600G, beige, marron clair;1250;1250
Café Royal 1 Boîte De Café Royal Coffee Aggloméré - Arôme Corsé - 200G;BoutiqueOfficielle;#VALUE!
Café Royal 16 Capsules - Caramel - Compatible Avec Dolce Gusto;3000;3000
Nutraline OTISPORT Nutrition Sportive, bleu, jaune, boîte 350G;2200;2200
WHITE LION POWER Power Boisson Energisante 250ml;5400;5400
